store,item,forecast_date,predicted_sales
5,50,2018-01-01,31.07
5,50,2018-01-02,36.69
5,50,2018-01-03,36.33
5,50,2018-01-04,37.72
5,50,2018-01-05,41.12
5,50,2018-01-06,42.93
5,50,2018-01-07,46.18
10,48,2018-01-01,36.36
10,48,2018-01-02,42.32
10,48,2018-01-03,43.01
10,48,2018-01-04,44.43
10,48,2018-01-05,48.27
10,48,2018-01-06,51.64
10,48,2018-01-07,53.77
4,7,2018-01-01,39.46
4,7,2018-01-02,46.82
4,7,2018-01-03,46.82
4,7,2018-01-04,49.28
4,7,2018-01-05,52.2
4,7,2018-01-06,55.47
4,7,2018-01-07,58.04
4,8,2018-01-01,51.16
4,8,2018-01-02,60.45
4,8,2018-01-03,60.37
4,8,2018-01-04,63.72
4,8,2018-01-05,67.33
4,8,2018-01-06,72.7
4,8,2018-01-07,77.47
4,9,2018-01-01,36.07
4,9,2018-01-02,43.2
4,9,2018-01-03,42.16
4,9,2018-01-04,44.83
4,9,2018-01-05,49.08
4,9,2018-01-06,50.17
4,9,2018-01-07,53.51
4,10,2018-01-01,50.59
4,10,2018-01-02,57.51
4,10,2018-01-03,56.92
4,10,2018-01-04,60.9
4,10,2018-01-05,64.9
4,10,2018-01-06,69.09
4,10,2018-01-07,74.95
4,11,2018-01-01,52.88
4,11,2018-01-02,62.4
4,11,2018-01-03,61.52
4,11,2018-01-04,66.29
4,11,2018-01-05,69.58
4,11,2018-01-06,75.46
4,11,2018-01-07,77.2
4,12,2018-01-01,50.9
4,12,2018-01-02,59.58
4,12,2018-01-03,56.38
4,12,2018-01-04,62.48
4,12,2018-01-05,66.16
4,12,2018-01-06,69.31
4,12,2018-01-07,74.88
4,13,2018-01-01,62.21
4,13,2018-01-02,70.35
4,13,2018-01-03,72.52
4,13,2018-01-04,75.69
4,13,2018-01-05,79.45
4,13,2018-01-06,87.46
4,13,2018-01-07,89.1
4,14,2018-01-01,39.93
4,14,2018-01-02,46.18
4,14,2018-01-03,46.09
4,14,2018-01-04,48.09
4,14,2018-01-05,52.07
4,14,2018-01-06,56.09
4,14,2018-01-07,58.84
4,15,2018-01-01,60.34
4,15,2018-01-02,68.68
4,15,2018-01-03,71.05
4,15,2018-01-04,73.93
4,15,2018-01-05,78.68
4,15,2018-01-06,83.39
4,15,2018-01-07,88.3
4,16,2018-01-01,15.45
4,16,2018-01-02,18.57
4,16,2018-01-03,18.18
4,16,2018-01-04,19.42
4,16,2018-01-05,20.43
4,16,2018-01-06,22.04
4,16,2018-01-07,23.56
4,17,2018-01-01,20.01
4,17,2018-01-02,23.11
4,17,2018-01-03,23.04
4,17,2018-01-04,24.48
4,17,2018-01-05,26.36
4,17,2018-01-06,27.48
4,17,2018-01-07,29.5
4,18,2018-01-01,57.15
4,18,2018-01-02,65.93
4,18,2018-01-03,63.94
4,18,2018-01-04,69.15
4,18,2018-01-05,74.15
4,18,2018-01-06,79.08
4,18,2018-01-07,81.73
4,19,2018-01-01,28.44
4,19,2018-01-02,33.49
4,19,2018-01-03,34.15
4,19,2018-01-04,35.3
4,19,2018-01-05,37.65
4,19,2018-01-06,40.54
4,19,2018-01-07,43.22
4,20,2018-01-01,30.16
4,20,2018-01-02,34.91
4,20,2018-01-03,34.95
4,20,2018-01-04,37.8
4,20,2018-01-05,40.55
4,20,2018-01-06,43.88
4,20,2018-01-07,45.48
4,21,2018-01-01,27.69
4,21,2018-01-02,33.01
4,21,2018-01-03,32.88
4,21,2018-01-04,34.53
4,21,2018-01-05,36.61
4,21,2018-01-06,39.31
4,21,2018-01-07,42.22
4,22,2018-01-01,56.05
4,22,2018-01-02,65.06
4,22,2018-01-03,64.41
4,22,2018-01-04,67.24
4,22,2018-01-05,75.72
4,22,2018-01-06,77.91
4,22,2018-01-07,82.87
4,23,2018-01-01,18.37
4,23,2018-01-02,21.73
4,23,2018-01-03,21.74
4,23,2018-01-04,22.72
4,23,2018-01-05,23.95
4,23,2018-01-06,25.84
4,23,2018-01-07,28.01
4,24,2018-01-01,44.62
4,24,2018-01-02,51.6
4,24,2018-01-03,52.74
4,24,2018-01-04,55.68
4,24,2018-01-05,58.29
4,24,2018-01-06,61.72
4,24,2018-01-07,65.16
4,25,2018-01-01,56.31
4,25,2018-01-02,66.09
4,25,2018-01-03,65.39
4,25,2018-01-04,70.55
4,25,2018-01-05,74.37
4,25,2018-01-06,78.17
4,25,2018-01-07,85.09
4,26,2018-01-01,32.01
4,26,2018-01-02,37.74
4,26,2018-01-03,37.24
4,26,2018-01-04,40.05
4,26,2018-01-05,42.43
4,26,2018-01-06,44.71
4,26,2018-01-07,47.89
4,27,2018-01-01,14.75
4,27,2018-01-02,17.05
4,27,2018-01-03,16.99
4,27,2018-01-04,18.36
4,27,2018-01-05,19.42
4,27,2018-01-06,20.72
4,27,2018-01-07,22.11
4,28,2018-01-01,59.15
4,28,2018-01-02,68.53
4,28,2018-01-03,70.57
4,28,2018-01-04,75.22
4,28,2018-01-05,77.41
4,28,2018-01-06,82.4
4,28,2018-01-07,89.0
4,29,2018-01-01,49.2
4,29,2018-01-02,54.85
4,29,2018-01-03,56.12
4,29,2018-01-04,59.9
4,29,2018-01-05,63.24
4,29,2018-01-06,68.33
4,29,2018-01-07,72.59
4,30,2018-01-01,27.61
4,30,2018-01-02,33.09
4,30,2018-01-03,32.39
4,30,2018-01-04,34.64
4,30,2018-01-05,36.65
4,30,2018-01-06,38.67
4,30,2018-01-07,40.96
4,31,2018-01-01,42.13
4,31,2018-01-02,48.51
4,31,2018-01-03,48.81
4,31,2018-01-04,52.75
4,31,2018-01-05,54.47
4,31,2018-01-06,58.34
4,31,2018-01-07,61.83
4,32,2018-01-01,31.3
4,32,2018-01-02,34.86
4,32,2018-01-03,35.94
4,32,2018-01-04,37.73
4,32,2018-01-05,39.76
4,32,2018-01-06,42.37
4,32,2018-01-07,45.38
4,33,2018-01-01,47.79
4,33,2018-01-02,54.96
4,33,2018-01-03,53.82
4,33,2018-01-04,58.64
4,33,2018-01-05,63.24
4,33,2018-01-06,66.62
4,33,2018-01-07,71.2
4,6,2018-01-01,39.22
4,6,2018-01-02,45.49
4,6,2018-01-03,44.89
4,6,2018-01-04,48.7
4,6,2018-01-05,52.07
4,6,2018-01-06,54.82
4,6,2018-01-07,58.5
4,34,2018-01-01,17.61
4,34,2018-01-02,20.48
4,34,2018-01-03,20.33
4,34,2018-01-04,21.59
4,34,2018-01-05,23.09
4,34,2018-01-06,24.52
4,34,2018-01-07,25.63
4,5,2018-01-01,12.05
4,5,2018-01-02,13.77
4,5,2018-01-03,13.78
4,5,2018-01-04,14.6
4,5,2018-01-05,15.23
4,5,2018-01-06,16.49
4,5,2018-01-07,17.48
4,3,2018-01-01,28.14
4,3,2018-01-02,32.11
4,3,2018-01-03,31.19
4,3,2018-01-04,33.43
4,3,2018-01-05,35.7
4,3,2018-01-06,38.87
4,3,2018-01-07,41.24
3,26,2018-01-01,33.39
3,26,2018-01-02,39.17
3,26,2018-01-03,39.78
3,26,2018-01-04,42.67
3,26,2018-01-05,44.78
3,26,2018-01-06,48.86
3,26,2018-01-07,51.91
3,27,2018-01-01,16.25
3,27,2018-01-02,19.2
3,27,2018-01-03,19.15
3,27,2018-01-04,20.02
3,27,2018-01-05,21.24
3,27,2018-01-06,23.05
3,27,2018-01-07,24.22
3,28,2018-01-01,62.7
3,28,2018-01-02,69.93
3,28,2018-01-03,68.95
3,28,2018-01-04,75.57
3,28,2018-01-05,79.11
3,28,2018-01-06,85.14
3,28,2018-01-07,93.34
3,29,2018-01-01,54.26
3,29,2018-01-02,63.71
3,29,2018-01-03,62.42
3,29,2018-01-04,66.14
3,29,2018-01-05,69.19
3,29,2018-01-06,73.53
3,29,2018-01-07,79.45
3,30,2018-01-01,29.95
3,30,2018-01-02,35.09
3,30,2018-01-03,34.73
3,30,2018-01-04,37.4
3,30,2018-01-05,39.69
3,30,2018-01-06,42.39
3,30,2018-01-07,45.57
3,31,2018-01-01,41.53
3,31,2018-01-02,47.57
3,31,2018-01-03,48.83
3,31,2018-01-04,52.35
3,31,2018-01-05,55.12
3,31,2018-01-06,58.58
3,31,2018-01-07,61.6
3,32,2018-01-01,34.68
3,32,2018-01-02,40.22
3,32,2018-01-03,40.62
3,32,2018-01-04,42.25
3,32,2018-01-05,43.7
3,32,2018-01-06,48.44
3,32,2018-01-07,51.71
3,33,2018-01-01,53.83
3,33,2018-01-02,64.29
3,33,2018-01-03,61.95
3,33,2018-01-04,66.82
3,33,2018-01-05,72.04
3,33,2018-01-06,75.74
3,33,2018-01-07,80.79
3,34,2018-01-01,19.08
3,34,2018-01-02,22.05
3,34,2018-01-03,22.03
3,34,2018-01-04,23.38
3,34,2018-01-05,24.83
3,34,2018-01-06,26.62
3,34,2018-01-07,28.01
3,35,2018-01-01,48.93
3,35,2018-01-02,56.93
3,35,2018-01-03,56.23
3,35,2018-01-04,61.29
3,35,2018-01-05,65.03
3,35,2018-01-06,69.12
3,35,2018-01-07,73.17
3,36,2018-01-01,56.76
3,36,2018-01-02,65.31
3,36,2018-01-03,66.7
3,36,2018-01-04,70.66
3,36,2018-01-05,74.63
3,36,2018-01-06,79.04
3,36,2018-01-07,84.73
3,37,2018-01-01,20.91
3,37,2018-01-02,23.96
3,37,2018-01-03,24.21
3,37,2018-01-04,25.6
3,37,2018-01-05,27.23
3,37,2018-01-06,29.1
3,37,2018-01-07,30.4
3,38,2018-01-01,57.93
3,38,2018-01-02,68.76
3,38,2018-01-03,67.84
3,38,2018-01-04,72.9
3,38,2018-01-05,77.81
3,38,2018-01-06,82.85
3,38,2018-01-07,88.58
3,39,2018-01-01,32.8
3,39,2018-01-02,38.17
3,39,2018-01-03,38.62
3,39,2018-01-04,41.1
3,39,2018-01-05,44.25
3,39,2018-01-06,46.88
3,39,2018-01-07,48.56
3,40,2018-01-01,21.07
3,40,2018-01-02,24.22
3,40,2018-01-03,24.34
3,40,2018-01-04,25.31
3,40,2018-01-05,27.15
3,40,2018-01-06,28.88
3,40,2018-01-07,30.99
3,41,2018-01-01,15.22
3,41,2018-01-02,17.47
3,41,2018-01-03,17.31
3,41,2018-01-04,18.97
3,41,2018-01-05,19.63
3,41,2018-01-06,21.19
3,41,2018-01-07,22.13
3,42,2018-01-01,26.62
3,42,2018-01-02,31.43
3,42,2018-01-03,31.83
3,42,2018-01-04,33.29
3,42,2018-01-05,35.8
3,42,2018-01-06,38.56
3,42,2018-01-07,40.37
3,43,2018-01-01,36.19
3,43,2018-01-02,41.68
3,43,2018-01-03,41.93
3,43,2018-01-04,45.35
3,43,2018-01-05,49.01
3,43,2018-01-06,52.99
3,43,2018-01-07,55.52
3,44,2018-01-01,21.01
3,44,2018-01-02,24.52
3,44,2018-01-03,24.51
3,44,2018-01-04,25.96
3,44,2018-01-05,27.78
3,44,2018-01-06,29.38
3,44,2018-01-07,31.15
3,45,2018-01-01,60.94
3,45,2018-01-02,70.2
3,45,2018-01-03,74.44
3,45,2018-01-04,77.74
3,45,2018-01-05,81.02
3,45,2018-01-06,85.28
3,45,2018-01-07,92.55
3,46,2018-01-01,45.43
3,46,2018-01-02,52.23
3,46,2018-01-03,52.12
3,46,2018-01-04,55.25
3,46,2018-01-05,58.99
3,46,2018-01-06,62.99
3,46,2018-01-07,65.86
3,47,2018-01-01,16.11
3,47,2018-01-02,18.99
3,47,2018-01-03,18.68
3,47,2018-01-04,20.15
3,47,2018-01-05,21.59
3,47,2018-01-06,22.91
3,47,2018-01-07,24.11
3,48,2018-01-01,39.57
3,48,2018-01-02,46.23
3,48,2018-01-03,46.7
3,48,2018-01-04,48.98
3,48,2018-01-05,52.91
3,48,2018-01-06,55.0
3,48,2018-01-07,60.18
3,49,2018-01-01,21.65
3,49,2018-01-02,25.18
3,49,2018-01-03,25.16
3,49,2018-01-04,26.66
3,49,2018-01-05,28.14
3,49,2018-01-06,30.28
3,49,2018-01-07,32.02
3,50,2018-01-01,48.55
3,50,2018-01-02,57.96
3,50,2018-01-03,55.61
3,50,2018-01-04,60.83
3,50,2018-01-05,63.84
3,50,2018-01-06,68.93
3,50,2018-01-07,73.42
4,1,2018-01-01,15.27
4,1,2018-01-02,17.84
4,1,2018-01-03,17.86
4,1,2018-01-04,19.12
4,1,2018-01-05,20.34
4,1,2018-01-06,21.82
4,1,2018-01-07,23.1
4,2,2018-01-01,38.76
4,2,2018-01-02,45.26
4,2,2018-01-03,45.79
4,2,2018-01-04,47.5
4,2,2018-01-05,51.93
4,2,2018-01-06,54.72
4,2,2018-01-07,59.35
4,4,2018-01-01,18.85
4,4,2018-01-02,21.71
4,4,2018-01-03,21.63
4,4,2018-01-04,22.98
4,4,2018-01-05,24.59
4,4,2018-01-06,26.44
4,4,2018-01-07,27.47
4,35,2018-01-01,42.76
4,35,2018-01-02,49.71
4,35,2018-01-03,48.69
4,35,2018-01-04,52.23
4,35,2018-01-05,55.07
4,35,2018-01-06,58.19
4,35,2018-01-07,61.97
4,36,2018-01-01,53.93
4,36,2018-01-02,64.96
4,36,2018-01-03,62.03
4,36,2018-01-04,66.22
4,36,2018-01-05,69.67
4,36,2018-01-06,76.18
4,36,2018-01-07,81.53
4,37,2018-01-01,19.38
4,37,2018-01-02,22.55
4,37,2018-01-03,22.52
4,37,2018-01-04,23.61
4,37,2018-01-05,25.53
4,37,2018-01-06,26.42
4,37,2018-01-07,28.07
5,20,2018-01-01,24.14
5,20,2018-01-02,28.38
5,20,2018-01-03,28.18
5,20,2018-01-04,30.39
5,20,2018-01-05,32.36
5,20,2018-01-06,34.42
5,20,2018-01-07,35.33
5,21,2018-01-01,17.98
5,21,2018-01-02,21.0
5,21,2018-01-03,20.93
5,21,2018-01-04,22.34
5,21,2018-01-05,23.76
5,21,2018-01-06,25.43
5,21,2018-01-07,26.74
5,22,2018-01-01,40.66
5,22,2018-01-02,46.95
5,22,2018-01-03,47.29
5,22,2018-01-04,49.39
5,22,2018-01-05,52.17
5,22,2018-01-06,56.07
5,22,2018-01-07,58.31
5,23,2018-01-01,12.83
5,23,2018-01-02,14.6
5,23,2018-01-03,14.44
5,23,2018-01-04,15.84
5,23,2018-01-05,16.65
5,23,2018-01-06,17.59
5,23,2018-01-07,18.54
5,24,2018-01-01,32.93
5,24,2018-01-02,38.32
5,24,2018-01-03,38.52
5,24,2018-01-04,41.74
5,24,2018-01-05,43.18
5,24,2018-01-06,45.76
5,24,2018-01-07,50.22
5,25,2018-01-01,38.15
5,25,2018-01-02,44.61
5,25,2018-01-03,43.66
5,25,2018-01-04,47.77
5,25,2018-01-05,50.47
5,25,2018-01-06,53.67
5,25,2018-01-07,56.94
5,26,2018-01-01,22.94
5,26,2018-01-02,26.83
5,26,2018-01-03,26.29
5,26,2018-01-04,28.23
5,26,2018-01-05,29.37
5,26,2018-01-06,31.84
5,26,2018-01-07,33.24
5,27,2018-01-01,11.49
5,27,2018-01-02,12.95
5,27,2018-01-03,13.06
5,27,2018-01-04,13.8
5,27,2018-01-05,15.0
5,27,2018-01-06,15.82
5,27,2018-01-07,16.83
5,28,2018-01-01,45.48
5,28,2018-01-02,53.43
5,28,2018-01-03,52.24
5,28,2018-01-04,55.74
5,28,2018-01-05,60.74
5,28,2018-01-06,63.81
5,28,2018-01-07,66.88
5,29,2018-01-01,32.55
5,29,2018-01-02,39.27
5,29,2018-01-03,38.09
5,29,2018-01-04,41.2
5,29,2018-01-05,43.04
5,29,2018-01-06,47.13
5,29,2018-01-07,50.28
5,30,2018-01-01,19.66
5,30,2018-01-02,22.9
5,30,2018-01-03,22.73
5,30,2018-01-04,24.15
5,30,2018-01-05,25.68
5,30,2018-01-06,26.91
5,30,2018-01-07,28.57
5,31,2018-01-01,28.05
5,31,2018-01-02,33.2
5,31,2018-01-03,33.06
5,31,2018-01-04,34.33
5,31,2018-01-05,36.64
5,31,2018-01-06,38.14
5,31,2018-01-07,40.0
5,32,2018-01-01,22.38
5,32,2018-01-02,25.89
5,32,2018-01-03,25.93
5,32,2018-01-04,27.59
5,32,2018-01-05,29.33
5,32,2018-01-06,30.51
5,32,2018-01-07,32.82
5,33,2018-01-01,30.67
5,33,2018-01-02,37.24
5,33,2018-01-03,37.68
5,33,2018-01-04,40.44
5,33,2018-01-05,41.61
5,33,2018-01-06,44.75
5,33,2018-01-07,47.56
5,34,2018-01-01,11.69
5,34,2018-01-02,13.41
5,34,2018-01-03,13.56
5,34,2018-01-04,14.53
5,34,2018-01-05,15.45
5,34,2018-01-06,16.05
5,34,2018-01-07,17.17
5,35,2018-01-01,33.0
5,35,2018-01-02,40.26
5,35,2018-01-03,38.31
5,35,2018-01-04,41.3
5,35,2018-01-05,43.86
5,35,2018-01-06,47.45
5,35,2018-01-07,50.34
5,36,2018-01-01,37.23
5,36,2018-01-02,44.07
5,36,2018-01-03,44.8
5,36,2018-01-04,48.55
5,36,2018-01-05,50.83
5,36,2018-01-06,53.91
5,36,2018-01-07,56.43
5,37,2018-01-01,12.55
5,37,2018-01-02,15.09
5,37,2018-01-03,14.71
5,37,2018-01-04,15.88
5,37,2018-01-05,17.34
5,37,2018-01-06,17.62
5,37,2018-01-07,18.73
5,38,2018-01-01,41.61
5,38,2018-01-02,48.12
5,38,2018-01-03,50.16
5,38,2018-01-04,51.43
5,38,2018-01-05,54.52
5,38,2018-01-06,57.85
5,38,2018-01-07,62.45
5,39,2018-01-01,20.82
5,39,2018-01-02,24.13
5,39,2018-01-03,24.44
5,39,2018-01-04,25.82
5,39,2018-01-05,27.97
5,39,2018-01-06,28.81
5,39,2018-01-07,30.72
5,40,2018-01-01,13.57
5,40,2018-01-02,15.47
5,40,2018-01-03,15.43
5,40,2018-01-04,16.46
5,40,2018-01-05,17.53
5,40,2018-01-06,18.63
5,40,2018-01-07,19.72
5,41,2018-01-01,10.22
5,41,2018-01-02,11.7
5,41,2018-01-03,11.68
5,41,2018-01-04,12.44
5,41,2018-01-05,13.36
5,41,2018-01-06,14.83
5,41,2018-01-07,15.76
5,42,2018-01-01,18.45
5,42,2018-01-02,21.01
5,42,2018-01-03,21.01
5,42,2018-01-04,22.42
5,42,2018-01-05,24.0
5,42,2018-01-06,25.46
5,42,2018-01-07,27.02
5,43,2018-01-01,25.19
5,43,2018-01-02,29.91
5,43,2018-01-03,29.9
5,43,2018-01-04,31.98
5,43,2018-01-05,33.75
5,43,2018-01-06,36.58
5,43,2018-01-07,37.96
5,44,2018-01-01,13.16
5,44,2018-01-02,15.59
5,44,2018-01-03,15.5
5,44,2018-01-04,16.56
5,44,2018-01-05,16.78
5,44,2018-01-06,18.28
5,44,2018-01-07,19.56
5,45,2018-01-01,39.31
5,45,2018-01-02,45.19
5,45,2018-01-03,45.96
5,45,2018-01-04,48.21
5,45,2018-01-05,50.8
5,45,2018-01-06,53.74
5,45,2018-01-07,56.97
5,46,2018-01-01,31.44
5,46,2018-01-02,36.1
5,46,2018-01-03,35.75
5,46,2018-01-04,38.53
5,46,2018-01-05,40.04
5,46,2018-01-06,43.68
5,46,2018-01-07,46.15
5,19,2018-01-01,18.99
5,19,2018-01-02,21.89
5,19,2018-01-03,21.63
5,19,2018-01-04,23.08
5,19,2018-01-05,24.69
5,19,2018-01-06,26.38
5,19,2018-01-07,27.92
5,18,2018-01-01,42.39
5,18,2018-01-02,49.67
5,18,2018-01-03,49.85
5,18,2018-01-04,53.05
5,18,2018-01-05,55.72
5,18,2018-01-06,58.79
5,18,2018-01-07,63.72
5,17,2018-01-01,16.15
5,17,2018-01-02,18.66
5,17,2018-01-03,18.53
5,17,2018-01-04,19.81
5,17,2018-01-05,20.46
5,17,2018-01-06,22.14
5,17,2018-01-07,23.19
5,16,2018-01-01,12.51
5,16,2018-01-02,13.65
5,16,2018-01-03,13.69
5,16,2018-01-04,14.19
5,16,2018-01-05,15.26
5,16,2018-01-06,16.14
5,16,2018-01-07,17.58
4,38,2018-01-01,56.49
4,38,2018-01-02,63.26
4,38,2018-01-03,63.7
4,38,2018-01-04,68.28
4,38,2018-01-05,71.37
4,38,2018-01-06,78.4
4,38,2018-01-07,80.76
4,39,2018-01-01,29.45
4,39,2018-01-02,35.73
4,39,2018-01-03,35.7
4,39,2018-01-04,37.26
4,39,2018-01-05,40.16
4,39,2018-01-06,43.07
4,39,2018-01-07,45.85
4,40,2018-01-01,19.32
4,40,2018-01-02,22.86
4,40,2018-01-03,22.45
4,40,2018-01-04,24.09
4,40,2018-01-05,25.32
4,40,2018-01-06,27.08
4,40,2018-01-07,28.48
4,41,2018-01-01,15.95
4,41,2018-01-02,17.88
4,41,2018-01-03,17.66
4,41,2018-01-04,19.37
4,41,2018-01-05,20.32
4,41,2018-01-06,21.85
4,41,2018-01-07,22.76
4,42,2018-01-01,24.54
4,42,2018-01-02,28.48
4,42,2018-01-03,27.74
4,42,2018-01-04,29.85
4,42,2018-01-05,31.27
4,42,2018-01-06,33.22
4,42,2018-01-07,36.54
4,43,2018-01-01,35.66
4,43,2018-01-02,42.33
4,43,2018-01-03,41.34
4,43,2018-01-04,44.11
4,43,2018-01-05,47.1
4,43,2018-01-06,50.23
4,43,2018-01-07,54.98
4,44,2018-01-01,20.56
4,44,2018-01-02,23.48
4,44,2018-01-03,22.94
4,44,2018-01-04,24.22
4,44,2018-01-05,25.81
4,44,2018-01-06,27.58
4,44,2018-01-07,28.89
4,45,2018-01-01,54.99
4,45,2018-01-02,63.56
4,45,2018-01-03,62.42
4,45,2018-01-04,66.77
4,45,2018-01-05,71.78
4,45,2018-01-06,73.92
4,45,2018-01-07,79.59
4,46,2018-01-01,40.43
4,46,2018-01-02,47.81
4,46,2018-01-03,46.86
4,46,2018-01-04,50.11
4,46,2018-01-05,54.12
4,46,2018-01-06,57.28
4,46,2018-01-07,61.23
4,47,2018-01-01,16.55
4,47,2018-01-02,19.22
4,47,2018-01-03,19.12
4,47,2018-01-04,20.21
4,47,2018-01-05,21.57
4,47,2018-01-06,23.4
4,47,2018-01-07,24.35
4,48,2018-01-01,35.51
4,48,2018-01-02,41.57
4,48,2018-01-03,40.97
4,48,2018-01-04,44.78
4,48,2018-01-05,47.14
4,48,2018-01-06,48.43
4,48,2018-01-07,52.9
4,49,2018-01-01,19.4
4,49,2018-01-02,22.76
4,49,2018-01-03,22.78
4,49,2018-01-04,24.09
4,49,2018-01-05,25.25
4,49,2018-01-06,26.95
4,49,2018-01-07,28.42
4,50,2018-01-01,43.56
4,50,2018-01-02,49.77
4,50,2018-01-03,51.6
4,50,2018-01-04,54.54
4,50,2018-01-05,57.73
4,50,2018-01-06,61.72
4,50,2018-01-07,64.99
3,25,2018-01-01,59.93
3,25,2018-01-02,69.07
3,25,2018-01-03,70.8
3,25,2018-01-04,71.47
3,25,2018-01-05,78.22
3,25,2018-01-06,85.97
3,25,2018-01-07,88.36
5,1,2018-01-01,10.88
5,1,2018-01-02,13.3
5,1,2018-01-03,13.26
5,1,2018-01-04,13.75
5,1,2018-01-05,15.22
5,1,2018-01-06,15.95
5,1,2018-01-07,17.29
5,3,2018-01-01,18.28
5,3,2018-01-02,21.64
5,3,2018-01-03,21.7
5,3,2018-01-04,22.7
5,3,2018-01-05,24.09
5,3,2018-01-06,25.77
5,3,2018-01-07,27.52
5,4,2018-01-01,10.06
5,4,2018-01-02,11.57
5,4,2018-01-03,11.93
5,4,2018-01-04,12.73
5,4,2018-01-05,13.85
5,4,2018-01-06,14.27
5,4,2018-01-07,14.42
5,5,2018-01-01,9.33
5,5,2018-01-02,10.44
5,5,2018-01-03,10.49
5,5,2018-01-04,11.06
5,5,2018-01-05,11.88
5,5,2018-01-06,12.76
5,5,2018-01-07,13.45
5,6,2018-01-01,27.41
5,6,2018-01-02,31.37
5,6,2018-01-03,31.17
5,6,2018-01-04,33.83
5,6,2018-01-05,35.97
5,6,2018-01-06,37.83
5,6,2018-01-07,40.72
5,7,2018-01-01,27.69
5,7,2018-01-02,32.8
5,7,2018-01-03,33.12
5,7,2018-01-04,34.21
5,7,2018-01-05,36.96
5,7,2018-01-06,39.68
5,7,2018-01-07,42.8
5,8,2018-01-01,37.86
5,8,2018-01-02,42.59
5,8,2018-01-03,43.61
5,8,2018-01-04,46.61
5,8,2018-01-05,48.56
5,8,2018-01-06,53.19
5,8,2018-01-07,56.43
5,9,2018-01-01,24.65
5,9,2018-01-02,29.25
5,9,2018-01-03,29.06
5,9,2018-01-04,31.01
5,9,2018-01-05,33.08
5,9,2018-01-06,33.91
5,9,2018-01-07,37.73
5,10,2018-01-01,36.1
5,10,2018-01-02,43.15
5,10,2018-01-03,43.59
5,10,2018-01-04,44.86
5,10,2018-01-05,49.3
5,10,2018-01-06,51.69
5,10,2018-01-07,54.79
5,11,2018-01-01,33.96
5,11,2018-01-02,40.0
5,11,2018-01-03,39.24
5,11,2018-01-04,41.96
5,11,2018-01-05,44.4
5,11,2018-01-06,47.69
5,11,2018-01-07,49.96
5,12,2018-01-01,33.7
5,12,2018-01-02,39.61
5,12,2018-01-03,39.12
5,12,2018-01-04,42.0
5,12,2018-01-05,44.2
5,12,2018-01-06,46.48
5,12,2018-01-07,50.59
5,13,2018-01-01,39.18
5,13,2018-01-02,46.89
5,13,2018-01-03,45.84
5,13,2018-01-04,49.21
5,13,2018-01-05,53.56
5,13,2018-01-06,55.88
5,13,2018-01-07,59.13
5,14,2018-01-01,31.33
5,14,2018-01-02,38.33
5,14,2018-01-03,36.76
5,14,2018-01-04,39.88
5,14,2018-01-05,41.72
5,14,2018-01-06,43.06
5,14,2018-01-07,48.81
5,15,2018-01-01,45.47
5,15,2018-01-02,52.42
5,15,2018-01-03,52.97
5,15,2018-01-04,56.41
5,15,2018-01-05,61.38
5,15,2018-01-06,63.44
5,15,2018-01-07,66.64
5,2,2018-01-01,28.11
5,2,2018-01-02,33.06
5,2,2018-01-03,32.38
5,2,2018-01-04,33.93
5,2,2018-01-05,36.76
5,2,2018-01-06,39.52
5,2,2018-01-07,41.94
5,47,2018-01-01,11.46
5,47,2018-01-02,13.19
5,47,2018-01-03,13.51
5,47,2018-01-04,14.0
5,47,2018-01-05,14.63
5,47,2018-01-06,15.3
5,47,2018-01-07,16.41
3,24,2018-01-01,55.55
3,24,2018-01-02,64.43
3,24,2018-01-03,61.89
3,24,2018-01-04,67.52
3,24,2018-01-05,69.94
3,24,2018-01-06,79.82
3,24,2018-01-07,81.13
3,22,2018-01-01,59.47
3,22,2018-01-02,66.57
3,22,2018-01-03,66.98
3,22,2018-01-04,72.03
3,22,2018-01-05,76.01
3,22,2018-01-06,77.87
3,22,2018-01-07,87.69
1,32,2018-01-01,25.18
1,32,2018-01-02,29.86
1,32,2018-01-03,30.33
1,32,2018-01-04,32.36
1,32,2018-01-05,33.6
1,32,2018-01-06,36.0
1,32,2018-01-07,38.48
1,33,2018-01-01,42.37
1,33,2018-01-02,48.71
1,33,2018-01-03,49.28
1,33,2018-01-04,50.38
1,33,2018-01-05,54.25
1,33,2018-01-06,58.18
1,33,2018-01-07,62.85
1,34,2018-01-01,15.4
1,34,2018-01-02,17.87
1,34,2018-01-03,17.92
1,34,2018-01-04,19.46
1,34,2018-01-05,20.63
1,34,2018-01-06,21.38
1,34,2018-01-07,23.24
1,35,2018-01-01,38.24
1,35,2018-01-02,44.33
1,35,2018-01-03,44.87
1,35,2018-01-04,46.4
1,35,2018-01-05,50.54
1,35,2018-01-06,53.76
1,35,2018-01-07,56.67
1,36,2018-01-01,46.29
1,36,2018-01-02,52.91
1,36,2018-01-03,54.45
1,36,2018-01-04,57.84
1,36,2018-01-05,61.57
1,36,2018-01-06,65.77
1,36,2018-01-07,68.41
1,37,2018-01-01,14.84
1,37,2018-01-02,17.48
1,37,2018-01-03,16.74
1,37,2018-01-04,18.51
1,37,2018-01-05,19.48
1,37,2018-01-06,20.81
1,37,2018-01-07,22.18
1,38,2018-01-01,48.62
1,38,2018-01-02,54.6
1,38,2018-01-03,54.73
1,38,2018-01-04,59.3
1,38,2018-01-05,62.33
1,38,2018-01-06,67.87
1,38,2018-01-07,70.21
1,39,2018-01-01,25.53
1,39,2018-01-02,30.29
1,39,2018-01-03,30.42
1,39,2018-01-04,32.63
1,39,2018-01-05,34.48
1,39,2018-01-06,36.61
1,39,2018-01-07,38.87
1,40,2018-01-01,17.12
1,40,2018-01-02,20.36
1,40,2018-01-03,20.42
1,40,2018-01-04,21.48
1,40,2018-01-05,22.78
1,40,2018-01-06,24.21
1,40,2018-01-07,25.45
1,41,2018-01-01,12.73
1,41,2018-01-02,14.59
1,41,2018-01-03,14.57
1,41,2018-01-04,15.55
1,41,2018-01-05,16.3
1,41,2018-01-06,17.12
1,41,2018-01-07,18.71
1,42,2018-01-01,19.22
1,42,2018-01-02,22.46
1,42,2018-01-03,22.11
1,42,2018-01-04,23.64
1,42,2018-01-05,25.16
1,42,2018-01-06,26.98
1,42,2018-01-07,28.06
1,43,2018-01-01,29.71
1,43,2018-01-02,34.76
1,43,2018-01-03,34.11
1,43,2018-01-04,35.88
1,43,2018-01-05,38.79
1,43,2018-01-06,41.22
1,43,2018-01-07,43.85
1,44,2018-01-01,17.61
1,44,2018-01-02,20.65
1,44,2018-01-03,20.52
1,44,2018-01-04,21.51
1,44,2018-01-05,22.39
1,44,2018-01-06,23.92
1,44,2018-01-07,26.2
1,45,2018-01-01,48.38
1,45,2018-01-02,55.85
1,45,2018-01-03,56.59
1,45,2018-01-04,60.05
1,45,2018-01-05,63.11
1,45,2018-01-06,66.31
1,45,2018-01-07,71.94
1,46,2018-01-01,33.15
1,46,2018-01-02,39.17
1,46,2018-01-03,38.78
1,46,2018-01-04,41.71
1,46,2018-01-05,45.2
1,46,2018-01-06,48.0
1,46,2018-01-07,51.47
1,47,2018-01-01,12.49
1,47,2018-01-02,14.31
1,47,2018-01-03,14.24
1,47,2018-01-04,15.17
1,47,2018-01-05,16.25
1,47,2018-01-06,17.01
1,47,2018-01-07,18.23
1,48,2018-01-01,31.08
1,48,2018-01-02,35.75
1,48,2018-01-03,35.78
1,48,2018-01-04,38.14
1,48,2018-01-05,41.01
1,48,2018-01-06,44.1
1,48,2018-01-07,46.63
1,49,2018-01-01,17.8
1,49,2018-01-02,20.81
1,49,2018-01-03,20.88
1,49,2018-01-04,22.45
1,49,2018-01-05,23.85
1,49,2018-01-06,25.57
1,49,2018-01-07,26.86
1,50,2018-01-01,38.1
1,50,2018-01-02,44.7
1,50,2018-01-03,45.03
1,50,2018-01-04,48.18
1,50,2018-01-05,51.09
1,50,2018-01-06,53.72
1,50,2018-01-07,57.42
2,1,2018-01-01,16.27
2,1,2018-01-02,18.89
2,1,2018-01-03,18.86
2,1,2018-01-04,19.93
2,1,2018-01-05,21.49
2,1,2018-01-06,22.82
2,1,2018-01-07,24.52
2,2,2018-01-01,49.12
2,2,2018-01-02,55.84
2,2,2018-01-03,56.95
2,2,2018-01-04,59.91
2,2,2018-01-05,62.78
2,2,2018-01-06,66.8
2,2,2018-01-07,70.47
2,3,2018-01-01,30.59
2,3,2018-01-02,35.48
2,3,2018-01-03,35.85
2,3,2018-01-04,37.53
2,3,2018-01-05,39.72
2,3,2018-01-06,42.86
2,3,2018-01-07,45.42
2,4,2018-01-01,19.71
2,4,2018-01-02,22.47
2,4,2018-01-03,22.16
2,4,2018-01-04,23.57
2,4,2018-01-05,25.13
2,4,2018-01-06,26.87
2,4,2018-01-07,28.45
2,5,2018-01-01,15.03
2,5,2018-01-02,17.13
2,5,2018-01-03,17.03
2,5,2018-01-04,18.45
2,5,2018-01-05,19.72
2,5,2018-01-06,21.29
2,5,2018-01-07,22.83
2,6,2018-01-01,47.43
2,6,2018-01-02,53.47
2,6,2018-01-03,54.52
2,6,2018-01-04,58.93
2,6,2018-01-05,61.57
2,6,2018-01-06,64.18
2,6,2018-01-07,67.9
2,7,2018-01-01,50.25
2,7,2018-01-02,57.21
2,7,2018-01-03,57.43
2,7,2018-01-04,61.08
2,7,2018-01-05,65.2
2,7,2018-01-06,68.79
2,7,2018-01-07,73.03
2,8,2018-01-01,67.87
2,8,2018-01-02,77.5
2,8,2018-01-03,79.06
2,8,2018-01-04,83.85
2,8,2018-01-05,88.69
2,8,2018-01-06,94.13
2,8,2018-01-07,104.36
1,31,2018-01-01,33.13
1,31,2018-01-02,37.68
1,31,2018-01-03,38.39
1,31,2018-01-04,40.13
1,31,2018-01-05,42.65
1,31,2018-01-06,45.18
1,31,2018-01-07,50.17
2,9,2018-01-01,39.87
2,9,2018-01-02,46.06
2,9,2018-01-03,46.72
2,9,2018-01-04,49.69
2,9,2018-01-05,52.63
2,9,2018-01-06,55.38
2,9,2018-01-07,59.99
1,30,2018-01-01,23.25
1,30,2018-01-02,26.92
1,30,2018-01-03,26.55
1,30,2018-01-04,27.49
1,30,2018-01-05,29.63
1,30,2018-01-06,31.92
1,30,2018-01-07,32.88
1,28,2018-01-01,51.75
1,28,2018-01-02,61.01
1,28,2018-01-03,59.86
1,28,2018-01-04,63.86
1,28,2018-01-05,68.94
1,28,2018-01-06,72.85
1,28,2018-01-07,77.98
1,1,2018-01-01,11.65
1,1,2018-01-02,13.47
1,1,2018-01-03,13.91
1,1,2018-01-04,14.39
1,1,2018-01-05,15.61
1,1,2018-01-06,16.89
1,1,2018-01-07,17.74
1,2,2018-01-01,36.73
1,2,2018-01-02,42.31
1,2,2018-01-03,42.3
1,2,2018-01-04,44.03
1,2,2018-01-05,46.5
1,2,2018-01-06,50.0
1,2,2018-01-07,53.81
1,3,2018-01-01,19.93
1,3,2018-01-02,22.58
1,3,2018-01-03,23.2
1,3,2018-01-04,23.84
1,3,2018-01-05,26.25
1,3,2018-01-06,27.48
1,3,2018-01-07,29.31
1,4,2018-01-01,12.48
1,4,2018-01-02,15.07
1,4,2018-01-03,14.64
1,4,2018-01-04,15.3
1,4,2018-01-05,16.46
1,4,2018-01-06,17.19
1,4,2018-01-07,18.19
1,5,2018-01-01,10.0
1,5,2018-01-02,11.03
1,5,2018-01-03,11.03
1,5,2018-01-04,11.84
1,5,2018-01-05,12.58
1,5,2018-01-06,14.32
1,5,2018-01-07,14.47
1,6,2018-01-01,33.73
1,6,2018-01-02,39.53
1,6,2018-01-03,39.89
1,6,2018-01-04,43.38
1,6,2018-01-05,45.52
1,6,2018-01-06,47.65
1,6,2018-01-07,51.32
1,7,2018-01-01,35.19
1,7,2018-01-02,40.74
1,7,2018-01-03,40.12
1,7,2018-01-04,44.27
1,7,2018-01-05,45.87
1,7,2018-01-06,48.58
1,7,2018-01-07,50.89
1,8,2018-01-01,46.07
1,8,2018-01-02,51.3
1,8,2018-01-03,52.32
1,8,2018-01-04,56.67
1,8,2018-01-05,60.13
1,8,2018-01-06,63.87
1,8,2018-01-07,66.11
1,9,2018-01-01,28.91
1,9,2018-01-02,34.03
1,9,2018-01-03,34.2
1,9,2018-01-04,35.52
1,9,2018-01-05,38.21
1,9,2018-01-06,41.2
1,9,2018-01-07,43.44
1,10,2018-01-01,46.19
1,10,2018-01-02,52.96
1,10,2018-01-03,52.77
1,10,2018-01-04,57.21
1,10,2018-01-05,60.72
1,10,2018-01-06,64.79
1,10,2018-01-07,69.52
1,11,2018-01-01,40.46
1,11,2018-01-02,46.33
1,11,2018-01-03,46.3
1,11,2018-01-04,48.97
1,11,2018-01-05,51.6
1,11,2018-01-06,55.83
1,11,2018-01-07,57.5
1,12,2018-01-01,40.86
1,12,2018-01-02,46.81
1,12,2018-01-03,47.22
1,12,2018-01-04,50.4
1,12,2018-01-05,53.26
1,12,2018-01-06,57.27
1,12,2018-01-07,60.63
1,13,2018-01-01,49.51
1,13,2018-01-02,56.26
1,13,2018-01-03,55.56
1,13,2018-01-04,60.36
1,13,2018-01-05,64.04
1,13,2018-01-06,68.97
1,13,2018-01-07,72.51
1,14,2018-01-01,35.5
1,14,2018-01-02,41.22
1,14,2018-01-03,40.87
1,14,2018-01-04,43.3
1,14,2018-01-05,46.14
1,14,2018-01-06,49.34
1,14,2018-01-07,53.12
1,15,2018-01-01,50.97
1,15,2018-01-02,59.56
1,15,2018-01-03,60.39
1,15,2018-01-04,63.21
1,15,2018-01-05,67.99
1,15,2018-01-06,71.62
1,15,2018-01-07,75.62
1,16,2018-01-01,15.6
1,16,2018-01-02,18.37
1,16,2018-01-03,18.42
1,16,2018-01-04,19.64
1,16,2018-01-05,20.51
1,16,2018-01-06,21.9
1,16,2018-01-07,22.86
1,17,2018-01-01,19.16
1,17,2018-01-02,22.44
1,17,2018-01-03,22.68
1,17,2018-01-04,24.06
1,17,2018-01-05,25.52
1,17,2018-01-06,26.96
1,17,2018-01-07,28.44
1,18,2018-01-01,51.12
1,18,2018-01-02,59.54
1,18,2018-01-03,56.67
1,18,2018-01-04,61.53
1,18,2018-01-05,67.16
1,18,2018-01-06,71.23
1,18,2018-01-07,75.63
1,19,2018-01-01,24.28
1,19,2018-01-02,27.47
1,19,2018-01-03,28.25
1,19,2018-01-04,29.6
1,19,2018-01-05,31.29
1,19,2018-01-06,32.95
1,19,2018-01-07,35.01
1,20,2018-01-01,30.05
1,20,2018-01-02,35.59
1,20,2018-01-03,35.34
1,20,2018-01-04,37.79
1,20,2018-01-05,40.18
1,20,2018-01-06,42.89
1,20,2018-01-07,45.38
1,21,2018-01-01,23.37
1,21,2018-01-02,26.74
1,21,2018-01-03,26.09
1,21,2018-01-04,29.7
1,21,2018-01-05,30.17
1,21,2018-01-06,31.84
1,21,2018-01-07,33.88
1,22,2018-01-01,49.37
1,22,2018-01-02,54.14
1,22,2018-01-03,55.3
1,22,2018-01-04,58.14
1,22,2018-01-05,62.22
1,22,2018-01-06,67.82
1,22,2018-01-07,70.97
1,23,2018-01-01,17.26
1,23,2018-01-02,19.66
1,23,2018-01-03,19.68
1,23,2018-01-04,21.1
1,23,2018-01-05,22.29
1,23,2018-01-06,23.67
1,23,2018-01-07,25.03
1,24,2018-01-01,35.08
1,24,2018-01-02,41.4
1,24,2018-01-03,40.91
1,24,2018-01-04,43.11
1,24,2018-01-05,46.44
1,24,2018-01-06,49.89
1,24,2018-01-07,53.14
1,25,2018-01-01,45.39
1,25,2018-01-02,54.8
1,25,2018-01-03,54.64
1,25,2018-01-04,56.82
1,25,2018-01-05,59.85
1,25,2018-01-06,66.28
1,25,2018-01-07,68.87
1,26,2018-01-01,30.68
1,26,2018-01-02,34.9
1,26,2018-01-03,35.89
1,26,2018-01-04,37.29
1,26,2018-01-05,40.69
1,26,2018-01-06,43.27
1,26,2018-01-07,45.42
1,27,2018-01-01,12.69
1,27,2018-01-02,15.19
1,27,2018-01-03,15.09
1,27,2018-01-04,15.86
1,27,2018-01-05,17.14
1,27,2018-01-06,18.26
1,27,2018-01-07,19.47
1,29,2018-01-01,41.46
1,29,2018-01-02,47.93
1,29,2018-01-03,47.4
1,29,2018-01-04,50.23
1,29,2018-01-05,53.11
1,29,2018-01-06,56.54
1,29,2018-01-07,59.48
2,10,2018-01-01,58.91
2,10,2018-01-02,67.08
2,10,2018-01-03,66.77
2,10,2018-01-04,73.73
2,10,2018-01-05,77.3
2,10,2018-01-06,83.74
2,10,2018-01-07,88.18
2,11,2018-01-01,57.21
2,11,2018-01-02,67.45
2,11,2018-01-03,68.82
2,11,2018-01-04,71.56
2,11,2018-01-05,76.81
2,11,2018-01-06,81.13
2,11,2018-01-07,87.08
2,12,2018-01-01,57.33
2,12,2018-01-02,67.07
2,12,2018-01-03,67.93
2,12,2018-01-04,71.16
2,12,2018-01-05,75.54
2,12,2018-01-06,82.82
2,12,2018-01-07,87.11
2,45,2018-01-01,71.34
2,45,2018-01-02,81.98
2,45,2018-01-03,83.59
2,45,2018-01-04,84.51
2,45,2018-01-05,91.62
2,45,2018-01-06,97.32
2,45,2018-01-07,103.33
2,46,2018-01-01,49.35
2,46,2018-01-02,58.4
2,46,2018-01-03,57.69
2,46,2018-01-04,62.35
2,46,2018-01-05,66.14
2,46,2018-01-06,70.0
2,46,2018-01-07,73.31
2,47,2018-01-01,19.35
2,47,2018-01-02,22.45
2,47,2018-01-03,22.52
2,47,2018-01-04,23.72
2,47,2018-01-05,25.72
2,47,2018-01-06,27.25
2,47,2018-01-07,29.09
2,48,2018-01-01,41.04
2,48,2018-01-02,47.76
2,48,2018-01-03,47.95
2,48,2018-01-04,49.82
2,48,2018-01-05,55.54
2,48,2018-01-06,58.04
2,48,2018-01-07,61.87
2,49,2018-01-01,24.35
2,49,2018-01-02,28.96
2,49,2018-01-03,28.42
2,49,2018-01-04,30.64
2,49,2018-01-05,32.24
2,49,2018-01-06,34.4
2,49,2018-01-07,37.35
2,50,2018-01-01,54.41
2,50,2018-01-02,60.8
2,50,2018-01-03,62.72
2,50,2018-01-04,66.86
2,50,2018-01-05,71.84
2,50,2018-01-06,75.78
2,50,2018-01-07,79.83
3,1,2018-01-01,15.85
3,1,2018-01-02,18.32
3,1,2018-01-03,18.27
3,1,2018-01-04,19.43
3,1,2018-01-05,20.39
3,1,2018-01-06,21.7
3,1,2018-01-07,22.68
3,2,2018-01-01,43.78
3,2,2018-01-02,51.18
3,2,2018-01-03,51.45
3,2,2018-01-04,54.07
3,2,2018-01-05,58.54
3,2,2018-01-06,62.17
3,2,2018-01-07,64.78
3,3,2018-01-01,26.97
3,3,2018-01-02,31.58
3,3,2018-01-03,30.82
3,3,2018-01-04,32.96
3,3,2018-01-05,35.21
3,3,2018-01-06,36.85
3,3,2018-01-07,39.14
3,4,2018-01-01,14.91
3,4,2018-01-02,17.71
3,4,2018-01-03,17.64
3,4,2018-01-04,18.88
3,4,2018-01-05,19.99
3,4,2018-01-06,21.29
3,4,2018-01-07,23.12
3,5,2018-01-01,14.25
3,5,2018-01-02,16.89
3,5,2018-01-03,16.71
3,5,2018-01-04,17.68
3,5,2018-01-05,18.72
3,5,2018-01-06,19.99
3,5,2018-01-07,21.39
3,6,2018-01-01,40.85
3,6,2018-01-02,48.6
3,6,2018-01-03,48.69
3,6,2018-01-04,51.62
3,6,2018-01-05,54.51
3,6,2018-01-06,58.04
3,6,2018-01-07,62.05
3,7,2018-01-01,42.72
3,7,2018-01-02,50.83
3,7,2018-01-03,51.52
3,7,2018-01-04,53.54
3,7,2018-01-05,56.63
3,7,2018-01-06,61.0
3,7,2018-01-07,64.44
3,8,2018-01-01,52.74
3,8,2018-01-02,62.9
3,8,2018-01-03,61.91
3,8,2018-01-04,66.17
3,8,2018-01-05,71.87
3,8,2018-01-06,75.04
3,8,2018-01-07,78.83
3,9,2018-01-01,39.04
3,9,2018-01-02,44.6
3,9,2018-01-03,44.25
3,9,2018-01-04,47.82
3,9,2018-01-05,49.64
3,9,2018-01-06,53.7
3,9,2018-01-07,57.16
3,10,2018-01-01,49.58
3,10,2018-01-02,56.68
3,10,2018-01-03,55.61
3,10,2018-01-04,61.48
3,10,2018-01-05,64.99
3,10,2018-01-06,68.97
3,10,2018-01-07,73.63
3,11,2018-01-01,54.52
3,11,2018-01-02,63.89
3,11,2018-01-03,63.21
3,11,2018-01-04,64.68
3,11,2018-01-05,72.18
3,11,2018-01-06,73.38
3,11,2018-01-07,83.77
3,12,2018-01-01,52.61
3,12,2018-01-02,60.37
3,12,2018-01-03,61.4
3,12,2018-01-04,64.05
3,12,2018-01-05,69.0
3,12,2018-01-06,73.91
3,12,2018-01-07,77.39
3,13,2018-01-01,64.99
3,13,2018-01-02,74.98
3,13,2018-01-03,75.22
3,13,2018-01-04,80.73
3,13,2018-01-05,85.49
3,13,2018-01-06,89.1
3,13,2018-01-07,95.6
3,14,2018-01-01,44.31
3,14,2018-01-02,50.89
3,14,2018-01-03,51.33
3,14,2018-01-04,54.34
3,14,2018-01-05,57.44
3,14,2018-01-06,61.97
3,14,2018-01-07,64.04
3,15,2018-01-01,67.02
3,15,2018-01-02,73.02
3,15,2018-01-03,73.42
3,15,2018-01-04,76.92
3,15,2018-01-05,85.62
3,15,2018-01-06,90.25
3,15,2018-01-07,95.23
3,16,2018-01-01,18.97
3,16,2018-01-02,21.88
3,16,2018-01-03,22.38
3,16,2018-01-04,23.72
3,16,2018-01-05,25.6
3,16,2018-01-06,26.48
3,16,2018-01-07,28.1
3,17,2018-01-01,23.47
3,17,2018-01-02,28.69
3,17,2018-01-03,27.82
3,17,2018-01-04,29.39
3,17,2018-01-05,31.67
3,17,2018-01-06,34.06
3,17,2018-01-07,36.87
3,18,2018-01-01,60.47
3,18,2018-01-02,71.43
3,18,2018-01-03,73.32
3,18,2018-01-04,75.15
3,18,2018-01-05,80.47
3,18,2018-01-06,84.97
3,18,2018-01-07,92.62
3,19,2018-01-01,27.74
3,19,2018-01-02,32.42
3,19,2018-01-03,32.44
3,19,2018-01-04,34.45
3,19,2018-01-05,37.16
3,19,2018-01-06,39.73
3,19,2018-01-07,40.94
3,20,2018-01-01,36.71
3,20,2018-01-02,42.57
3,20,2018-01-03,42.47
3,20,2018-01-04,45.84
3,20,2018-01-05,48.89
3,20,2018-01-06,51.58
3,20,2018-01-07,54.8
3,21,2018-01-01,29.67
3,21,2018-01-02,34.93
3,21,2018-01-03,34.68
3,21,2018-01-04,37.02
3,21,2018-01-05,39.21
3,21,2018-01-06,42.27
3,21,2018-01-07,44.71
2,44,2018-01-01,24.08
2,44,2018-01-02,28.05
2,44,2018-01-03,28.17
2,44,2018-01-04,29.91
2,44,2018-01-05,31.5
2,44,2018-01-06,33.3
2,44,2018-01-07,35.65
2,43,2018-01-01,43.07
2,43,2018-01-02,50.34
2,43,2018-01-03,50.48
2,43,2018-01-04,54.45
2,43,2018-01-05,57.79
2,43,2018-01-06,61.83
2,43,2018-01-07,64.35
2,42,2018-01-01,31.72
2,42,2018-01-02,36.15
2,42,2018-01-03,36.24
2,42,2018-01-04,38.47
2,42,2018-01-05,40.88
2,42,2018-01-06,43.95
2,42,2018-01-07,47.16
2,41,2018-01-01,16.68
2,41,2018-01-02,19.82
2,41,2018-01-03,19.38
2,41,2018-01-04,20.81
2,41,2018-01-05,22.12
2,41,2018-01-06,23.7
2,41,2018-01-07,25.2
2,13,2018-01-01,68.75
2,13,2018-01-02,79.3
2,13,2018-01-03,78.75
2,13,2018-01-04,85.3
2,13,2018-01-05,91.56
2,13,2018-01-06,96.81
2,13,2018-01-07,102.6
2,14,2018-01-01,48.2
2,14,2018-01-02,55.95
2,14,2018-01-03,55.57
2,14,2018-01-04,59.1
2,14,2018-01-05,61.95
2,14,2018-01-06,66.38
2,14,2018-01-07,71.29
2,15,2018-01-01,72.23
2,15,2018-01-02,82.81
2,15,2018-01-03,83.84
2,15,2018-01-04,88.39
2,15,2018-01-05,94.46
2,15,2018-01-06,101.11
2,15,2018-01-07,107.38
2,16,2018-01-01,18.24
2,16,2018-01-02,21.7
2,16,2018-01-03,21.31
2,16,2018-01-04,22.6
2,16,2018-01-05,24.05
2,16,2018-01-06,25.56
2,16,2018-01-07,27.61
2,17,2018-01-01,27.41
2,17,2018-01-02,31.47
2,17,2018-01-03,30.72
2,17,2018-01-04,32.62
2,17,2018-01-05,34.88
2,17,2018-01-06,36.84
2,17,2018-01-07,39.34
2,18,2018-01-01,68.17
2,18,2018-01-02,78.38
2,18,2018-01-03,79.0
2,18,2018-01-04,84.58
2,18,2018-01-05,92.12
2,18,2018-01-06,93.51
2,18,2018-01-07,98.86
2,19,2018-01-01,32.39
2,19,2018-01-02,38.57
2,19,2018-01-03,38.52
2,19,2018-01-04,40.6
2,19,2018-01-05,43.26
2,19,2018-01-06,45.85
2,19,2018-01-07,49.16
2,20,2018-01-01,38.14
2,20,2018-01-02,42.45
2,20,2018-01-03,44.19
2,20,2018-01-04,45.74
2,20,2018-01-05,49.62
2,20,2018-01-06,51.74
2,20,2018-01-07,55.33
2,21,2018-01-01,34.19
2,21,2018-01-02,38.72
2,21,2018-01-03,39.14
2,21,2018-01-04,42.47
2,21,2018-01-05,43.66
2,21,2018-01-06,48.61
2,21,2018-01-07,49.61
2,22,2018-01-01,64.63
2,22,2018-01-02,75.21
2,22,2018-01-03,76.7
2,22,2018-01-04,81.65
2,22,2018-01-05,86.12
2,22,2018-01-06,93.49
2,22,2018-01-07,103.09
2,23,2018-01-01,24.76
2,23,2018-01-02,29.4
2,23,2018-01-03,30.08
2,23,2018-01-04,31.5
2,23,2018-01-05,33.34
2,23,2018-01-06,35.8
2,23,2018-01-07,38.16
2,24,2018-01-01,49.14
2,24,2018-01-02,59.68
2,24,2018-01-03,60.09
2,24,2018-01-04,63.95
2,24,2018-01-05,67.23
2,24,2018-01-06,72.23
2,24,2018-01-07,76.77
2,25,2018-01-01,69.36
2,25,2018-01-02,80.12
2,25,2018-01-03,81.4
2,25,2018-01-04,83.31
2,25,2018-01-05,91.97
2,25,2018-01-06,98.46
2,25,2018-01-07,102.95
3,23,2018-01-01,21.34
3,23,2018-01-02,24.82
3,23,2018-01-03,24.96
3,23,2018-01-04,26.73
3,23,2018-01-05,28.17
3,23,2018-01-06,29.54
3,23,2018-01-07,32.12
2,26,2018-01-01,40.29
2,26,2018-01-02,46.91
2,26,2018-01-03,47.19
2,26,2018-01-04,51.18
2,26,2018-01-05,55.45
2,26,2018-01-06,56.68
2,26,2018-01-07,60.54
2,28,2018-01-01,70.76
2,28,2018-01-02,82.74
2,28,2018-01-03,83.88
2,28,2018-01-04,91.21
2,28,2018-01-05,95.71
2,28,2018-01-06,102.32
2,28,2018-01-07,102.82
2,29,2018-01-01,58.57
2,29,2018-01-02,67.74
2,29,2018-01-03,65.6
2,29,2018-01-04,70.76
2,29,2018-01-05,77.35
2,29,2018-01-06,79.31
2,29,2018-01-07,87.69
2,30,2018-01-01,34.41
2,30,2018-01-02,38.4
2,30,2018-01-03,39.66
2,30,2018-01-04,40.99
2,30,2018-01-05,43.64
2,30,2018-01-06,47.97
2,30,2018-01-07,50.38
2,31,2018-01-01,48.98
2,31,2018-01-02,57.99
2,31,2018-01-03,58.01
2,31,2018-01-04,61.95
2,31,2018-01-05,64.63
2,31,2018-01-06,69.42
2,31,2018-01-07,75.17
2,32,2018-01-01,38.84
2,32,2018-01-02,45.42
2,32,2018-01-03,46.24
2,32,2018-01-04,48.63
2,32,2018-01-05,52.3
2,32,2018-01-06,56.79
2,32,2018-01-07,58.6
2,33,2018-01-01,57.17
2,33,2018-01-02,64.13
2,33,2018-01-03,63.71
2,33,2018-01-04,68.33
2,33,2018-01-05,73.22
2,33,2018-01-06,77.71
2,33,2018-01-07,82.45
2,34,2018-01-01,21.52
2,34,2018-01-02,24.36
2,34,2018-01-03,24.41
2,34,2018-01-04,26.2
2,34,2018-01-05,27.82
2,34,2018-01-06,30.06
2,34,2018-01-07,32.18
2,35,2018-01-01,51.65
2,35,2018-01-02,61.63
2,35,2018-01-03,62.34
2,35,2018-01-04,66.64
2,35,2018-01-05,70.98
2,35,2018-01-06,77.05
2,35,2018-01-07,76.78
2,36,2018-01-01,66.8
2,36,2018-01-02,80.06
2,36,2018-01-03,78.16
2,36,2018-01-04,84.14
2,36,2018-01-05,90.34
2,36,2018-01-06,93.39
2,36,2018-01-07,100.35
2,37,2018-01-01,22.83
2,37,2018-01-02,27.18
2,37,2018-01-03,26.2
2,37,2018-01-04,28.23
2,37,2018-01-05,29.64
2,37,2018-01-06,30.55
2,37,2018-01-07,32.51
2,38,2018-01-01,69.48
2,38,2018-01-02,79.72
2,38,2018-01-03,80.78
2,38,2018-01-04,86.35
2,38,2018-01-05,90.55
2,38,2018-01-06,97.47
2,38,2018-01-07,105.62
2,39,2018-01-01,36.11
2,39,2018-01-02,41.18
2,39,2018-01-03,40.98
2,39,2018-01-04,43.96
2,39,2018-01-05,48.05
2,39,2018-01-06,50.39
2,39,2018-01-07,55.23
2,40,2018-01-01,26.35
2,40,2018-01-02,30.77
2,40,2018-01-03,30.59
2,40,2018-01-04,33.03
2,40,2018-01-05,34.86
2,40,2018-01-06,37.31
2,40,2018-01-07,39.48
2,27,2018-01-01,18.96
2,27,2018-01-02,21.98
2,27,2018-01-03,22.18
2,27,2018-01-04,23.35
2,27,2018-01-05,24.98
2,27,2018-01-06,26.58
2,27,2018-01-07,27.78
10,49,2018-01-01,20.78
10,49,2018-01-02,24.08
10,49,2018-01-03,24.01
10,49,2018-01-04,25.95
10,49,2018-01-05,27.6
10,49,2018-01-06,29.5
10,49,2018-01-07,30.76
5,48,2018-01-01,27.19
5,48,2018-01-02,31.29
5,48,2018-01-03,31.49
5,48,2018-01-04,33.68
5,48,2018-01-05,35.96
5,48,2018-01-06,38.17
5,48,2018-01-07,39.23
6,1,2018-01-01,10.01
6,1,2018-01-02,11.19
6,1,2018-01-03,11.16
6,1,2018-01-04,12.1
6,1,2018-01-05,13.17
6,1,2018-01-06,14.04
6,1,2018-01-07,14.95
9,8,2018-01-01,51.3
9,8,2018-01-02,61.04
9,8,2018-01-03,58.91
9,8,2018-01-04,64.29
9,8,2018-01-05,67.99
9,8,2018-01-06,70.76
9,8,2018-01-07,77.48
9,9,2018-01-01,36.25
9,9,2018-01-02,41.94
9,9,2018-01-03,42.57
9,9,2018-01-04,46.27
9,9,2018-01-05,48.24
9,9,2018-01-06,51.01
9,9,2018-01-07,54.39
9,10,2018-01-01,50.54
9,10,2018-01-02,58.49
9,10,2018-01-03,56.75
9,10,2018-01-04,62.64
9,10,2018-01-05,66.45
9,10,2018-01-06,70.68
9,10,2018-01-07,75.4
9,11,2018-01-01,50.94
9,11,2018-01-02,59.28
9,11,2018-01-03,57.24
9,11,2018-01-04,62.81
9,11,2018-01-05,67.27
9,11,2018-01-06,70.26
9,11,2018-01-07,73.2
9,12,2018-01-01,45.66
9,12,2018-01-02,54.36
9,12,2018-01-03,53.85
9,12,2018-01-04,58.3
9,12,2018-01-05,60.74
9,12,2018-01-06,65.33
9,12,2018-01-07,68.69
9,13,2018-01-01,55.88
9,13,2018-01-02,65.67
9,13,2018-01-03,65.31
9,13,2018-01-04,69.38
9,13,2018-01-05,74.77
9,13,2018-01-06,77.92
9,13,2018-01-07,83.04
9,14,2018-01-01,37.96
9,14,2018-01-02,43.54
9,14,2018-01-03,44.2
9,14,2018-01-04,47.14
9,14,2018-01-05,49.45
9,14,2018-01-06,53.05
9,14,2018-01-07,57.84
9,15,2018-01-01,55.29
9,15,2018-01-02,63.95
9,15,2018-01-03,65.29
9,15,2018-01-04,68.22
9,15,2018-01-05,74.92
9,15,2018-01-06,77.19
9,15,2018-01-07,82.97
9,16,2018-01-01,17.46
9,16,2018-01-02,20.75
9,16,2018-01-03,20.7
9,16,2018-01-04,21.77
9,16,2018-01-05,22.85
9,16,2018-01-06,24.37
9,16,2018-01-07,26.15
9,17,2018-01-01,22.15
9,17,2018-01-02,26.04
9,17,2018-01-03,25.6
9,17,2018-01-04,28.11
9,17,2018-01-05,29.3
9,17,2018-01-06,31.53
9,17,2018-01-07,33.3
9,18,2018-01-01,55.31
9,18,2018-01-02,65.77
9,18,2018-01-03,64.22
9,18,2018-01-04,68.13
9,18,2018-01-05,73.36
9,18,2018-01-06,76.4
9,18,2018-01-07,81.28
9,19,2018-01-01,29.11
9,19,2018-01-02,34.07
9,19,2018-01-03,33.64
9,19,2018-01-04,36.35
9,19,2018-01-05,39.01
9,19,2018-01-06,41.69
9,19,2018-01-07,44.29
9,20,2018-01-01,32.72
9,20,2018-01-02,38.87
9,20,2018-01-03,38.23
9,20,2018-01-04,40.68
9,20,2018-01-05,43.36
9,20,2018-01-06,49.01
9,20,2018-01-07,50.8
9,21,2018-01-01,25.58
9,21,2018-01-02,30.17
9,21,2018-01-03,29.99
9,21,2018-01-04,32.09
9,21,2018-01-05,34.57
9,21,2018-01-06,36.38
9,21,2018-01-07,39.09
9,22,2018-01-01,54.68
9,22,2018-01-02,63.9
9,22,2018-01-03,62.96
9,22,2018-01-04,67.03
9,22,2018-01-05,72.51
9,22,2018-01-06,74.32
9,22,2018-01-07,78.99
9,23,2018-01-01,19.76
9,23,2018-01-02,23.24
9,23,2018-01-03,22.96
9,23,2018-01-04,24.07
9,23,2018-01-05,25.95
9,23,2018-01-06,28.41
9,23,2018-01-07,29.37
9,24,2018-01-01,46.27
9,24,2018-01-02,53.74
9,24,2018-01-03,53.77
9,24,2018-01-04,55.64
9,24,2018-01-05,59.88
9,24,2018-01-06,63.79
9,24,2018-01-07,67.41
9,25,2018-01-01,56.53
9,25,2018-01-02,64.74
9,25,2018-01-03,64.58
9,25,2018-01-04,69.81
9,25,2018-01-05,72.37
9,25,2018-01-06,78.48
9,25,2018-01-07,83.39
9,26,2018-01-01,32.48
9,26,2018-01-02,38.46
9,26,2018-01-03,39.21
9,26,2018-01-04,39.64
9,26,2018-01-05,43.17
9,26,2018-01-06,45.97
9,26,2018-01-07,48.17
9,27,2018-01-01,15.3
9,27,2018-01-02,18.11
9,27,2018-01-03,17.84
9,27,2018-01-04,19.48
9,27,2018-01-05,20.51
9,27,2018-01-06,21.99
9,27,2018-01-07,23.21
9,28,2018-01-01,61.95
9,28,2018-01-02,70.94
9,28,2018-01-03,69.33
9,28,2018-01-04,76.8
9,28,2018-01-05,81.81
9,28,2018-01-06,87.26
9,28,2018-01-07,92.37
9,29,2018-01-01,49.7
9,29,2018-01-02,57.69
9,29,2018-01-03,57.48
9,29,2018-01-04,60.58
9,29,2018-01-05,64.24
9,29,2018-01-06,69.7
9,29,2018-01-07,74.38
9,30,2018-01-01,26.63
9,30,2018-01-02,31.38
9,30,2018-01-03,31.54
9,30,2018-01-04,34.02
9,30,2018-01-05,35.98
9,30,2018-01-06,37.36
9,30,2018-01-07,38.72
9,31,2018-01-01,40.43
9,31,2018-01-02,45.94
9,31,2018-01-03,46.02
9,31,2018-01-04,50.25
9,31,2018-01-05,53.35
9,31,2018-01-06,55.82
9,31,2018-01-07,59.16
9,32,2018-01-01,29.84
9,32,2018-01-02,35.7
9,32,2018-01-03,34.92
9,32,2018-01-04,37.89
9,32,2018-01-05,40.32
9,32,2018-01-06,42.22
9,32,2018-01-07,45.69
9,33,2018-01-01,43.49
9,33,2018-01-02,53.09
9,33,2018-01-03,52.25
9,33,2018-01-04,55.42
9,33,2018-01-05,58.18
9,33,2018-01-06,62.85
9,33,2018-01-07,65.87
9,34,2018-01-01,15.35
9,34,2018-01-02,18.13
9,34,2018-01-03,17.91
9,34,2018-01-04,19.17
9,34,2018-01-05,19.92
9,34,2018-01-06,22.01
9,34,2018-01-07,23.4
9,7,2018-01-01,42.52
9,7,2018-01-02,49.04
9,7,2018-01-03,49.72
9,7,2018-01-04,52.93
9,7,2018-01-05,54.79
9,7,2018-01-06,59.89
9,7,2018-01-07,63.42
9,35,2018-01-01,47.03
9,35,2018-01-02,53.41
9,35,2018-01-03,55.9
9,35,2018-01-04,57.52
9,35,2018-01-05,62.81
9,35,2018-01-06,66.39
9,35,2018-01-07,69.49
9,6,2018-01-01,39.48
9,6,2018-01-02,45.98
9,6,2018-01-03,45.93
9,6,2018-01-04,50.61
9,6,2018-01-05,53.05
9,6,2018-01-06,56.73
9,6,2018-01-07,60.11
9,4,2018-01-01,14.83
9,4,2018-01-02,17.18
9,4,2018-01-03,17.21
9,4,2018-01-04,18.69
9,4,2018-01-05,19.45
9,4,2018-01-06,20.76
9,4,2018-01-07,22.64
8,27,2018-01-01,16.52
8,27,2018-01-02,19.72
8,27,2018-01-03,19.65
8,27,2018-01-04,20.88
8,27,2018-01-05,22.14
8,27,2018-01-06,23.15
8,27,2018-01-07,24.53
8,28,2018-01-01,67.94
8,28,2018-01-02,76.35
8,28,2018-01-03,79.15
8,28,2018-01-04,82.66
8,28,2018-01-05,88.8
8,28,2018-01-06,97.31
8,28,2018-01-07,97.39
8,29,2018-01-01,55.78
8,29,2018-01-02,64.39
8,29,2018-01-03,63.51
8,29,2018-01-04,66.67
8,29,2018-01-05,73.75
8,29,2018-01-06,77.37
8,29,2018-01-07,83.5
8,30,2018-01-01,29.15
8,30,2018-01-02,34.67
8,30,2018-01-03,34.69
8,30,2018-01-04,36.65
8,30,2018-01-05,38.31
8,30,2018-01-06,41.19
8,30,2018-01-07,44.6
8,31,2018-01-01,48.6
8,31,2018-01-02,56.72
8,31,2018-01-03,56.39
8,31,2018-01-04,59.78
8,31,2018-01-05,63.05
8,31,2018-01-06,68.44
8,31,2018-01-07,71.81
8,32,2018-01-01,32.35
8,32,2018-01-02,37.92
8,32,2018-01-03,37.88
8,32,2018-01-04,41.25
8,32,2018-01-05,44.68
8,32,2018-01-06,46.45
8,32,2018-01-07,49.9
8,33,2018-01-01,54.4
8,33,2018-01-02,62.98
8,33,2018-01-03,63.1
8,33,2018-01-04,65.69
8,33,2018-01-05,67.89
8,33,2018-01-06,75.55
8,33,2018-01-07,81.5
8,34,2018-01-01,21.91
8,34,2018-01-02,25.79
8,34,2018-01-03,25.97
8,34,2018-01-04,27.44
8,34,2018-01-05,29.22
8,34,2018-01-06,31.45
8,34,2018-01-07,33.03
8,35,2018-01-01,51.55
8,35,2018-01-02,61.36
8,35,2018-01-03,61.25
8,35,2018-01-04,65.42
8,35,2018-01-05,69.69
8,35,2018-01-06,73.76
8,35,2018-01-07,77.61
8,36,2018-01-01,63.93
8,36,2018-01-02,73.01
8,36,2018-01-03,73.81
8,36,2018-01-04,81.3
8,36,2018-01-05,85.15
8,36,2018-01-06,88.62
8,36,2018-01-07,94.19
8,37,2018-01-01,24.16
8,37,2018-01-02,27.56
8,37,2018-01-03,27.68
8,37,2018-01-04,29.73
8,37,2018-01-05,31.28
8,37,2018-01-06,33.34
8,37,2018-01-07,35.03
8,38,2018-01-01,65.38
8,38,2018-01-02,74.01
8,38,2018-01-03,74.65
8,38,2018-01-04,80.6
8,38,2018-01-05,86.94
8,38,2018-01-06,91.06
8,38,2018-01-07,95.52
8,39,2018-01-01,36.68
8,39,2018-01-02,43.86
8,39,2018-01-03,43.11
8,39,2018-01-04,45.96
8,39,2018-01-05,48.86
8,39,2018-01-06,52.32
8,39,2018-01-07,55.66
8,40,2018-01-01,22.04
8,40,2018-01-02,25.91
8,40,2018-01-03,25.74
8,40,2018-01-04,27.52
8,40,2018-01-05,29.06
8,40,2018-01-06,30.63
8,40,2018-01-07,32.69
8,41,2018-01-01,18.06
8,41,2018-01-02,20.94
8,41,2018-01-03,21.04
8,41,2018-01-04,22.37
8,41,2018-01-05,23.75
8,41,2018-01-06,25.38
8,41,2018-01-07,26.76
8,42,2018-01-01,29.21
8,42,2018-01-02,34.57
8,42,2018-01-03,34.28
8,42,2018-01-04,36.26
8,42,2018-01-05,38.23
8,42,2018-01-06,41.95
8,42,2018-01-07,43.62
8,43,2018-01-01,39.16
8,43,2018-01-02,45.58
8,43,2018-01-03,46.09
8,43,2018-01-04,48.82
8,43,2018-01-05,52.61
8,43,2018-01-06,56.14
8,43,2018-01-07,59.64
8,44,2018-01-01,23.42
8,44,2018-01-02,26.42
8,44,2018-01-03,26.97
8,44,2018-01-04,28.98
8,44,2018-01-05,31.11
8,44,2018-01-06,33.09
8,44,2018-01-07,34.84
8,45,2018-01-01,62.55
8,45,2018-01-02,71.54
8,45,2018-01-03,70.84
8,45,2018-01-04,76.3
8,45,2018-01-05,84.87
8,45,2018-01-06,88.97
8,45,2018-01-07,92.74
8,46,2018-01-01,48.73
8,46,2018-01-02,57.21
8,46,2018-01-03,56.16
8,46,2018-01-04,58.53
8,46,2018-01-05,63.76
8,46,2018-01-06,65.3
8,46,2018-01-07,71.32
8,47,2018-01-01,17.15
8,47,2018-01-02,19.99
8,47,2018-01-03,19.88
8,47,2018-01-04,21.25
8,47,2018-01-05,22.59
8,47,2018-01-06,24.07
8,47,2018-01-07,26.0
8,48,2018-01-01,41.59
8,48,2018-01-02,48.5
8,48,2018-01-03,49.61
8,48,2018-01-04,52.26
8,48,2018-01-05,56.08
8,48,2018-01-06,57.25
8,48,2018-01-07,62.05
8,49,2018-01-01,23.5
8,49,2018-01-02,27.36
8,49,2018-01-03,27.49
8,49,2018-01-04,30.84
8,49,2018-01-05,31.16
8,49,2018-01-06,33.34
8,49,2018-01-07,35.08
8,50,2018-01-01,48.77
8,50,2018-01-02,60.13
8,50,2018-01-03,59.18
8,50,2018-01-04,62.99
8,50,2018-01-05,66.2
8,50,2018-01-06,69.76
8,50,2018-01-07,75.04
9,1,2018-01-01,14.36
9,1,2018-01-02,16.99
9,1,2018-01-03,16.74
9,1,2018-01-04,18.24
9,1,2018-01-05,19.34
9,1,2018-01-06,20.68
9,1,2018-01-07,22.06
9,2,2018-01-01,40.16
9,2,2018-01-02,47.69
9,2,2018-01-03,47.79
9,2,2018-01-04,50.65
9,2,2018-01-05,52.8
9,2,2018-01-06,56.22
9,2,2018-01-07,60.06
9,3,2018-01-01,24.16
9,3,2018-01-02,28.66
9,3,2018-01-03,28.9
9,3,2018-01-04,31.33
9,3,2018-01-05,32.69
9,3,2018-01-06,33.41
9,3,2018-01-07,35.26
9,5,2018-01-01,13.6
9,5,2018-01-02,15.52
9,5,2018-01-03,15.49
9,5,2018-01-04,16.24
9,5,2018-01-05,16.9
9,5,2018-01-06,18.44
9,5,2018-01-07,19.12
9,36,2018-01-01,51.56
9,36,2018-01-02,60.53
9,36,2018-01-03,60.2
9,36,2018-01-04,64.57
9,36,2018-01-05,68.62
9,36,2018-01-06,72.3
9,36,2018-01-07,77.04
9,37,2018-01-01,20.3
9,37,2018-01-02,23.83
9,37,2018-01-03,23.88
9,37,2018-01-04,25.73
9,37,2018-01-05,27.38
9,37,2018-01-06,28.89
9,37,2018-01-07,30.62
9,38,2018-01-01,55.78
9,38,2018-01-02,64.23
9,38,2018-01-03,64.56
9,38,2018-01-04,68.79
9,38,2018-01-05,73.55
9,38,2018-01-06,78.14
9,38,2018-01-07,82.93
10,21,2018-01-01,29.1
10,21,2018-01-02,35.48
10,21,2018-01-03,34.95
10,21,2018-01-04,36.39
10,21,2018-01-05,39.06
10,21,2018-01-06,42.01
10,21,2018-01-07,43.98
10,22,2018-01-01,59.08
10,22,2018-01-02,67.92
10,22,2018-01-03,66.19
10,22,2018-01-04,71.6
10,22,2018-01-05,78.0
10,22,2018-01-06,81.96
10,22,2018-01-07,87.04
10,23,2018-01-01,23.46
10,23,2018-01-02,26.91
10,23,2018-01-03,26.88
10,23,2018-01-04,29.09
10,23,2018-01-05,30.31
10,23,2018-01-06,31.07
10,23,2018-01-07,33.03
10,24,2018-01-01,48.87
10,24,2018-01-02,58.51
10,24,2018-01-03,55.7
10,24,2018-01-04,61.04
10,24,2018-01-05,64.71
10,24,2018-01-06,69.05
10,24,2018-01-07,72.7
10,25,2018-01-01,59.82
10,25,2018-01-02,67.27
10,25,2018-01-03,64.84
10,25,2018-01-04,71.13
10,25,2018-01-05,75.54
10,25,2018-01-06,78.9
10,25,2018-01-07,84.67
10,26,2018-01-01,33.92
10,26,2018-01-02,39.32
10,26,2018-01-03,39.14
10,26,2018-01-04,42.4
10,26,2018-01-05,43.45
10,26,2018-01-06,48.04
10,26,2018-01-07,51.39
10,27,2018-01-01,16.54
10,27,2018-01-02,19.26
10,27,2018-01-03,19.2
10,27,2018-01-04,20.2
10,27,2018-01-05,21.68
10,27,2018-01-06,22.95
10,27,2018-01-07,24.02
10,28,2018-01-01,63.71
10,28,2018-01-02,72.71
10,28,2018-01-03,74.19
10,28,2018-01-04,79.28
10,28,2018-01-05,82.57
10,28,2018-01-06,88.67
10,28,2018-01-07,91.25
10,29,2018-01-01,49.27
10,29,2018-01-02,59.44
10,29,2018-01-03,58.45
10,29,2018-01-04,64.37
10,29,2018-01-05,67.79
10,29,2018-01-06,70.96
10,29,2018-01-07,74.43
10,30,2018-01-01,28.43
10,30,2018-01-02,33.39
10,30,2018-01-03,33.14
10,30,2018-01-04,34.77
10,30,2018-01-05,37.83
10,30,2018-01-06,39.71
10,30,2018-01-07,42.62
10,31,2018-01-01,42.33
10,31,2018-01-02,49.82
10,31,2018-01-03,50.51
10,31,2018-01-04,52.32
10,31,2018-01-05,55.01
10,31,2018-01-06,58.04
10,31,2018-01-07,61.97
10,32,2018-01-01,30.73
10,32,2018-01-02,35.52
10,32,2018-01-03,35.28
10,32,2018-01-04,38.12
10,32,2018-01-05,40.04
10,32,2018-01-06,43.34
10,32,2018-01-07,46.12
10,33,2018-01-01,49.11
10,33,2018-01-02,59.73
10,33,2018-01-03,57.36
10,33,2018-01-04,62.32
10,33,2018-01-05,65.72
10,33,2018-01-06,70.11
10,33,2018-01-07,73.68
10,34,2018-01-01,17.83
10,34,2018-01-02,20.78
10,34,2018-01-03,20.79
10,34,2018-01-04,22.39
10,34,2018-01-05,23.75
10,34,2018-01-06,25.44
10,34,2018-01-07,26.93
10,35,2018-01-01,45.08
10,35,2018-01-02,53.39
10,35,2018-01-03,52.52
10,35,2018-01-04,55.07
10,35,2018-01-05,58.77
10,35,2018-01-06,62.6
10,35,2018-01-07,66.28
10,36,2018-01-01,57.42
10,36,2018-01-02,63.78
10,36,2018-01-03,64.61
10,36,2018-01-04,69.67
10,36,2018-01-05,74.38
10,36,2018-01-06,77.76
10,36,2018-01-07,81.69
10,37,2018-01-01,21.43
10,37,2018-01-02,25.93
10,37,2018-01-03,25.12
10,37,2018-01-04,26.84
10,37,2018-01-05,28.5
10,37,2018-01-06,30.13
10,37,2018-01-07,32.44
10,38,2018-01-01,61.11
10,38,2018-01-02,70.14
10,38,2018-01-03,69.13
10,38,2018-01-04,73.63
10,38,2018-01-05,81.38
10,38,2018-01-06,83.5
10,38,2018-01-07,87.94
10,39,2018-01-01,32.64
10,39,2018-01-02,37.77
10,39,2018-01-03,37.46
10,39,2018-01-04,40.43
10,39,2018-01-05,41.64
10,39,2018-01-06,44.35
10,39,2018-01-07,47.25
10,40,2018-01-01,21.35
10,40,2018-01-02,24.94
10,40,2018-01-03,25.32
10,40,2018-01-04,26.83
10,40,2018-01-05,28.72
10,40,2018-01-06,30.33
10,40,2018-01-07,31.43
10,41,2018-01-01,14.96
10,41,2018-01-02,17.47
10,41,2018-01-03,17.7
10,41,2018-01-04,18.66
10,41,2018-01-05,19.97
10,41,2018-01-06,21.03
10,41,2018-01-07,22.81
10,42,2018-01-01,25.62
10,42,2018-01-02,30.18
10,42,2018-01-03,30.17
10,42,2018-01-04,32.17
10,42,2018-01-05,33.93
10,42,2018-01-06,36.85
10,42,2018-01-07,38.69
10,43,2018-01-01,37.76
10,43,2018-01-02,45.13
10,43,2018-01-03,43.89
10,43,2018-01-04,46.63
10,43,2018-01-05,49.79
10,43,2018-01-06,53.37
10,43,2018-01-07,56.61
10,44,2018-01-01,20.33
10,44,2018-01-02,23.66
10,44,2018-01-03,23.21
10,44,2018-01-04,24.45
10,44,2018-01-05,26.5
10,44,2018-01-06,28.16
10,44,2018-01-07,29.9
10,45,2018-01-01,56.55
10,45,2018-01-02,66.8
10,45,2018-01-03,65.83
10,45,2018-01-04,70.73
10,45,2018-01-05,75.24
10,45,2018-01-06,79.87
10,45,2018-01-07,86.53
10,46,2018-01-01,43.71
10,46,2018-01-02,50.69
10,46,2018-01-03,50.69
10,46,2018-01-04,53.21
10,46,2018-01-05,57.28
10,46,2018-01-06,60.81
10,46,2018-01-07,63.29
10,47,2018-01-01,15.29
10,47,2018-01-02,17.08
10,47,2018-01-03,16.89
10,47,2018-01-04,18.43
10,47,2018-01-05,19.66
10,47,2018-01-06,21.08
10,47,2018-01-07,22.33
10,20,2018-01-01,34.09
10,20,2018-01-02,38.69
10,20,2018-01-03,38.95
10,20,2018-01-04,42.04
10,20,2018-01-05,43.58
10,20,2018-01-06,47.12
10,20,2018-01-07,51.56
10,19,2018-01-01,28.32
10,19,2018-01-02,32.59
10,19,2018-01-03,32.52
10,19,2018-01-04,34.18
10,19,2018-01-05,36.53
10,19,2018-01-06,38.89
10,19,2018-01-07,40.41
10,18,2018-01-01,58.66
10,18,2018-01-02,68.66
10,18,2018-01-03,69.86
10,18,2018-01-04,76.59
10,18,2018-01-05,81.04
10,18,2018-01-06,85.57
10,18,2018-01-07,89.38
10,17,2018-01-01,24.68
10,17,2018-01-02,29.61
10,17,2018-01-03,29.56
10,17,2018-01-04,31.93
10,17,2018-01-05,33.1
10,17,2018-01-06,35.86
10,17,2018-01-07,37.86
9,39,2018-01-01,30.62
9,39,2018-01-02,34.55
9,39,2018-01-03,34.41
9,39,2018-01-04,37.02
9,39,2018-01-05,39.67
9,39,2018-01-06,42.37
9,39,2018-01-07,43.71
9,40,2018-01-01,20.38
9,40,2018-01-02,23.65
9,40,2018-01-03,23.65
9,40,2018-01-04,24.74
9,40,2018-01-05,26.84
9,40,2018-01-06,28.3
9,40,2018-01-07,30.14
9,41,2018-01-01,13.46
9,41,2018-01-02,15.51
9,41,2018-01-03,15.3
9,41,2018-01-04,16.4
9,41,2018-01-05,17.18
9,41,2018-01-06,18.17
9,41,2018-01-07,20.03
9,42,2018-01-01,23.82
9,42,2018-01-02,27.09
9,42,2018-01-03,27.1
9,42,2018-01-04,29.97
9,42,2018-01-05,30.51
9,42,2018-01-06,32.09
9,42,2018-01-07,35.08
9,43,2018-01-01,38.41
9,43,2018-01-02,44.04
9,43,2018-01-03,45.06
9,43,2018-01-04,47.08
9,43,2018-01-05,49.9
9,43,2018-01-06,53.8
9,43,2018-01-07,56.21
9,44,2018-01-01,18.89
9,44,2018-01-02,21.8
9,44,2018-01-03,21.79
9,44,2018-01-04,23.27
9,44,2018-01-05,24.89
9,44,2018-01-06,25.9
9,44,2018-01-07,27.91
9,45,2018-01-01,56.54
9,45,2018-01-02,65.44
9,45,2018-01-03,64.73
9,45,2018-01-04,67.49
9,45,2018-01-05,73.16
9,45,2018-01-06,78.06
9,45,2018-01-07,82.89
9,46,2018-01-01,39.03
9,46,2018-01-02,46.06
9,46,2018-01-03,46.62
9,46,2018-01-04,49.19
9,46,2018-01-05,51.96
9,46,2018-01-06,55.78
9,46,2018-01-07,58.8
9,47,2018-01-01,15.83
9,47,2018-01-02,18.4
9,47,2018-01-03,18.34
9,47,2018-01-04,19.71
9,47,2018-01-05,21.16
9,47,2018-01-06,22.8
9,47,2018-01-07,23.68
9,48,2018-01-01,33.83
9,48,2018-01-02,39.21
9,48,2018-01-03,38.85
9,48,2018-01-04,42.62
9,48,2018-01-05,45.18
9,48,2018-01-06,47.38
9,48,2018-01-07,52.3
9,49,2018-01-01,19.33
9,49,2018-01-02,22.15
9,49,2018-01-03,22.4
9,49,2018-01-04,23.76
9,49,2018-01-05,24.85
9,49,2018-01-06,26.54
9,49,2018-01-07,28.14
9,50,2018-01-01,44.27
9,50,2018-01-02,50.25
9,50,2018-01-03,52.36
9,50,2018-01-04,55.03
9,50,2018-01-05,58.3
9,50,2018-01-06,61.6
9,50,2018-01-07,65.5
10,1,2018-01-01,14.44
10,1,2018-01-02,16.88
10,1,2018-01-03,16.88
10,1,2018-01-04,17.8
10,1,2018-01-05,19.47
10,1,2018-01-06,20.69
10,1,2018-01-07,22.23
8,26,2018-01-01,36.93
8,26,2018-01-02,43.49
8,26,2018-01-03,42.95
8,26,2018-01-04,46.58
8,26,2018-01-05,49.23
8,26,2018-01-06,53.37
8,26,2018-01-07,55.4
10,2,2018-01-01,39.76
10,2,2018-01-02,45.15
10,2,2018-01-03,44.96
10,2,2018-01-04,48.34
10,2,2018-01-05,52.24
10,2,2018-01-06,54.32
10,2,2018-01-07,57.78
10,4,2018-01-01,15.96
10,4,2018-01-02,18.74
10,4,2018-01-03,18.45
10,4,2018-01-04,19.71
10,4,2018-01-05,20.67
10,4,2018-01-06,22.17
10,4,2018-01-07,23.53
10,5,2018-01-01,12.6
10,5,2018-01-02,14.95
10,5,2018-01-03,14.96
10,5,2018-01-04,15.87
10,5,2018-01-05,16.33
10,5,2018-01-06,17.55
10,5,2018-01-07,18.5
10,6,2018-01-01,41.64
10,6,2018-01-02,49.35
10,6,2018-01-03,48.9
10,6,2018-01-04,53.19
10,6,2018-01-05,53.77
10,6,2018-01-06,58.14
10,6,2018-01-07,62.3
10,7,2018-01-01,40.52
10,7,2018-01-02,47.59
10,7,2018-01-03,47.97
10,7,2018-01-04,51.54
10,7,2018-01-05,53.72
10,7,2018-01-06,56.95
10,7,2018-01-07,61.19
10,8,2018-01-01,57.16
10,8,2018-01-02,64.47
10,8,2018-01-03,65.18
10,8,2018-01-04,67.97
10,8,2018-01-05,75.11
10,8,2018-01-06,79.4
10,8,2018-01-07,83.06
10,9,2018-01-01,35.47
10,9,2018-01-02,41.51
10,9,2018-01-03,41.1
10,9,2018-01-04,43.61
10,9,2018-01-05,47.39
10,9,2018-01-06,49.34
10,9,2018-01-07,52.57
10,10,2018-01-01,52.01
10,10,2018-01-02,59.74
10,10,2018-01-03,60.67
10,10,2018-01-04,64.61
10,10,2018-01-05,67.97
10,10,2018-01-06,72.11
10,10,2018-01-07,75.83
10,11,2018-01-01,56.5
10,11,2018-01-02,64.0
10,11,2018-01-03,64.18
10,11,2018-01-04,68.14
10,11,2018-01-05,72.43
10,11,2018-01-06,76.14
10,11,2018-01-07,85.27
10,12,2018-01-01,50.18
10,12,2018-01-02,59.05
10,12,2018-01-03,58.93
10,12,2018-01-04,64.18
10,12,2018-01-05,67.94
10,12,2018-01-06,71.38
10,12,2018-01-07,76.06
10,13,2018-01-01,61.66
10,13,2018-01-02,71.19
10,13,2018-01-03,71.66
10,13,2018-01-04,76.16
10,13,2018-01-05,80.54
10,13,2018-01-06,84.07
10,13,2018-01-07,90.36
10,14,2018-01-01,42.48
10,14,2018-01-02,48.89
10,14,2018-01-03,49.5
10,14,2018-01-04,52.53
10,14,2018-01-05,54.16
10,14,2018-01-06,58.32
10,14,2018-01-07,63.82
10,15,2018-01-01,61.8
10,15,2018-01-02,71.65
10,15,2018-01-03,72.79
10,15,2018-01-04,78.63
10,15,2018-01-05,84.88
10,15,2018-01-06,87.24
10,15,2018-01-07,91.89
10,16,2018-01-01,17.92
10,16,2018-01-02,20.82
10,16,2018-01-03,20.49
10,16,2018-01-04,21.86
10,16,2018-01-05,23.18
10,16,2018-01-06,24.71
10,16,2018-01-07,25.85
10,3,2018-01-01,25.87
10,3,2018-01-02,29.82
10,3,2018-01-03,29.62
10,3,2018-01-04,31.75
10,3,2018-01-05,33.92
10,3,2018-01-06,35.69
10,3,2018-01-07,38.32
5,49,2018-01-01,12.91
5,49,2018-01-02,15.1
5,49,2018-01-03,15.1
5,49,2018-01-04,15.35
5,49,2018-01-05,16.62
5,49,2018-01-06,17.34
5,49,2018-01-07,18.64
8,25,2018-01-01,63.33
8,25,2018-01-02,74.78
8,25,2018-01-03,75.95
8,25,2018-01-04,80.74
8,25,2018-01-05,83.6
8,25,2018-01-06,90.07
8,25,2018-01-07,95.68
8,23,2018-01-01,23.71
8,23,2018-01-02,27.63
8,23,2018-01-03,26.75
8,23,2018-01-04,28.62
8,23,2018-01-05,30.87
8,23,2018-01-06,32.49
8,23,2018-01-07,35.92
6,33,2018-01-01,33.73
6,33,2018-01-02,41.02
6,33,2018-01-03,40.28
6,33,2018-01-04,43.12
6,33,2018-01-05,43.34
6,33,2018-01-06,48.57
6,33,2018-01-07,51.69
6,34,2018-01-01,12.43
6,34,2018-01-02,14.41
6,34,2018-01-03,14.38
6,34,2018-01-04,15.21
6,34,2018-01-05,16.52
6,34,2018-01-06,17.47
6,34,2018-01-07,18.43
6,35,2018-01-01,32.22
6,35,2018-01-02,38.34
6,35,2018-01-03,38.26
6,35,2018-01-04,40.59
6,35,2018-01-05,43.46
6,35,2018-01-06,46.76
6,35,2018-01-07,49.84
6,36,2018-01-01,37.47
6,36,2018-01-02,42.53
6,36,2018-01-03,43.51
6,36,2018-01-04,45.4
6,36,2018-01-05,47.91
6,36,2018-01-06,50.25
6,36,2018-01-07,56.28
6,37,2018-01-01,14.18
6,37,2018-01-02,16.46
6,37,2018-01-03,16.3
6,37,2018-01-04,17.43
6,37,2018-01-05,18.74
6,37,2018-01-06,19.65
6,37,2018-01-07,20.88
6,38,2018-01-01,40.27
6,38,2018-01-02,46.08
6,38,2018-01-03,46.4
6,38,2018-01-04,49.5
6,38,2018-01-05,52.68
6,38,2018-01-06,56.38
6,38,2018-01-07,59.52
6,39,2018-01-01,22.23
6,39,2018-01-02,25.33
6,39,2018-01-03,25.34
6,39,2018-01-04,27.07
6,39,2018-01-05,29.09
6,39,2018-01-06,30.97
6,39,2018-01-07,31.95
6,40,2018-01-01,15.73
6,40,2018-01-02,18.81
6,40,2018-01-03,18.87
6,40,2018-01-04,19.85
6,40,2018-01-05,20.88
6,40,2018-01-06,22.26
6,40,2018-01-07,23.09
6,41,2018-01-01,10.4
6,41,2018-01-02,12.2
6,41,2018-01-03,12.7
6,41,2018-01-04,13.09
6,41,2018-01-05,14.18
6,41,2018-01-06,15.63
6,41,2018-01-07,15.89
6,42,2018-01-01,16.53
6,42,2018-01-02,19.97
6,42,2018-01-03,19.58
6,42,2018-01-04,20.42
6,42,2018-01-05,21.75
6,42,2018-01-06,23.25
6,42,2018-01-07,24.46
6,43,2018-01-01,24.48
6,43,2018-01-02,29.55
6,43,2018-01-03,28.93
6,43,2018-01-04,30.62
6,43,2018-01-05,32.57
6,43,2018-01-06,34.8
6,43,2018-01-07,36.69
6,44,2018-01-01,14.3
6,44,2018-01-02,16.89
6,44,2018-01-03,16.9
6,44,2018-01-04,18.06
6,44,2018-01-05,19.09
6,44,2018-01-06,20.58
6,44,2018-01-07,22.09
6,45,2018-01-01,37.93
6,45,2018-01-02,45.39
6,45,2018-01-03,45.37
6,45,2018-01-04,47.78
6,45,2018-01-05,49.99
6,45,2018-01-06,53.72
6,45,2018-01-07,56.32
6,46,2018-01-01,30.05
6,46,2018-01-02,35.31
6,46,2018-01-03,35.03
6,46,2018-01-04,37.17
6,46,2018-01-05,40.2
6,46,2018-01-06,42.51
6,46,2018-01-07,45.21
6,47,2018-01-01,11.41
6,47,2018-01-02,13.2
6,47,2018-01-03,13.11
6,47,2018-01-04,13.76
6,47,2018-01-05,14.97
6,47,2018-01-06,16.01
6,47,2018-01-07,16.39
6,48,2018-01-01,25.07
6,48,2018-01-02,28.49
6,48,2018-01-03,28.77
6,48,2018-01-04,29.93
6,48,2018-01-05,31.69
6,48,2018-01-06,33.79
6,48,2018-01-07,36.14
6,49,2018-01-01,12.95
6,49,2018-01-02,15.27
6,49,2018-01-03,15.05
6,49,2018-01-04,15.83
6,49,2018-01-05,16.64
6,49,2018-01-06,17.56
6,49,2018-01-07,18.86
6,50,2018-01-01,34.34
6,50,2018-01-02,38.45
6,50,2018-01-03,38.09
6,50,2018-01-04,40.49
6,50,2018-01-05,43.0
6,50,2018-01-06,46.81
6,50,2018-01-07,49.8
7,1,2018-01-01,9.65
7,1,2018-01-02,11.17
7,1,2018-01-03,11.17
7,1,2018-01-04,12.02
7,1,2018-01-05,12.94
7,1,2018-01-06,14.02
7,1,2018-01-07,14.88
7,2,2018-01-01,26.16
7,2,2018-01-02,29.32
7,2,2018-01-03,29.08
7,2,2018-01-04,32.18
7,2,2018-01-05,33.68
7,2,2018-01-06,35.89
7,2,2018-01-07,37.23
7,3,2018-01-01,16.04
7,3,2018-01-02,18.73
7,3,2018-01-03,18.35
7,3,2018-01-04,19.76
7,3,2018-01-05,21.28
7,3,2018-01-06,21.72
7,3,2018-01-07,23.48
7,4,2018-01-01,8.45
7,4,2018-01-02,9.57
7,4,2018-01-03,9.68
7,4,2018-01-04,10.34
7,4,2018-01-05,11.27
7,4,2018-01-06,12.01
7,4,2018-01-07,12.67
7,5,2018-01-01,7.82
7,5,2018-01-02,8.63
7,5,2018-01-03,8.32
7,5,2018-01-04,8.61
7,5,2018-01-05,8.78
7,5,2018-01-06,10.25
7,5,2018-01-07,10.46
7,6,2018-01-01,25.61
7,6,2018-01-02,29.89
7,6,2018-01-03,29.38
7,6,2018-01-04,31.53
7,6,2018-01-05,33.32
7,6,2018-01-06,35.45
7,6,2018-01-07,37.27
7,7,2018-01-01,29.36
7,7,2018-01-02,34.1
7,7,2018-01-03,34.57
7,7,2018-01-04,37.28
7,7,2018-01-05,39.02
7,7,2018-01-06,41.99
7,7,2018-01-07,44.31
7,8,2018-01-01,36.13
7,8,2018-01-02,40.69
7,8,2018-01-03,40.5
7,8,2018-01-04,43.01
7,8,2018-01-05,47.23
7,8,2018-01-06,49.26
7,8,2018-01-07,51.5
7,9,2018-01-01,21.55
7,9,2018-01-02,25.24
7,9,2018-01-03,25.01
7,9,2018-01-04,26.61
7,9,2018-01-05,28.96
7,9,2018-01-06,30.6
7,9,2018-01-07,32.87
6,32,2018-01-01,21.35
6,32,2018-01-02,24.83
6,32,2018-01-03,24.74
6,32,2018-01-04,26.34
6,32,2018-01-05,28.14
6,32,2018-01-06,29.6
6,32,2018-01-07,32.2
7,10,2018-01-01,33.29
7,10,2018-01-02,38.04
7,10,2018-01-03,38.72
7,10,2018-01-04,41.05
7,10,2018-01-05,43.6
7,10,2018-01-06,45.96
7,10,2018-01-07,50.04
6,31,2018-01-01,27.12
6,31,2018-01-02,32.26
6,31,2018-01-03,31.64
6,31,2018-01-04,33.42
6,31,2018-01-05,35.42
6,31,2018-01-06,37.77
6,31,2018-01-07,40.52
6,29,2018-01-01,33.32
6,29,2018-01-02,39.69
6,29,2018-01-03,39.26
6,29,2018-01-04,39.86
6,29,2018-01-05,42.8
6,29,2018-01-06,46.09
6,29,2018-01-07,48.49
6,2,2018-01-01,29.68
6,2,2018-01-02,34.39
6,2,2018-01-03,35.49
6,2,2018-01-04,36.97
6,2,2018-01-05,40.04
6,2,2018-01-06,42.72
6,2,2018-01-07,44.85
6,3,2018-01-01,19.82
6,3,2018-01-02,22.73
6,3,2018-01-03,22.99
6,3,2018-01-04,24.37
6,3,2018-01-05,25.91
6,3,2018-01-06,28.14
6,3,2018-01-07,28.96
6,4,2018-01-01,9.29
6,4,2018-01-02,10.44
6,4,2018-01-03,10.2
6,4,2018-01-04,10.94
6,4,2018-01-05,11.44
6,4,2018-01-06,12.13
6,4,2018-01-07,12.9
6,5,2018-01-01,7.85
6,5,2018-01-02,8.43
6,5,2018-01-03,8.41
6,5,2018-01-04,8.91
6,5,2018-01-05,9.58
6,5,2018-01-06,9.99
6,5,2018-01-07,10.39
6,6,2018-01-01,27.67
6,6,2018-01-02,32.48
6,6,2018-01-03,32.41
6,6,2018-01-04,33.65
6,6,2018-01-05,36.45
6,6,2018-01-06,39.61
6,6,2018-01-07,40.59
6,7,2018-01-01,29.76
6,7,2018-01-02,34.16
6,7,2018-01-03,33.89
6,7,2018-01-04,36.4
6,7,2018-01-05,39.16
6,7,2018-01-06,40.84
6,7,2018-01-07,43.39
6,8,2018-01-01,37.97
6,8,2018-01-02,44.53
6,8,2018-01-03,44.94
6,8,2018-01-04,47.26
6,8,2018-01-05,50.23
6,8,2018-01-06,54.31
6,8,2018-01-07,57.21
6,9,2018-01-01,27.21
6,9,2018-01-02,32.07
6,9,2018-01-03,32.38
6,9,2018-01-04,33.75
6,9,2018-01-05,36.83
6,9,2018-01-06,39.08
6,9,2018-01-07,40.91
6,10,2018-01-01,36.31
6,10,2018-01-02,41.82
6,10,2018-01-03,42.6
6,10,2018-01-04,44.31
6,10,2018-01-05,48.7
6,10,2018-01-06,51.58
6,10,2018-01-07,54.2
6,11,2018-01-01,33.87
6,11,2018-01-02,39.27
6,11,2018-01-03,38.72
6,11,2018-01-04,41.09
6,11,2018-01-05,44.7
6,11,2018-01-06,48.14
6,11,2018-01-07,50.59
6,12,2018-01-01,36.4
6,12,2018-01-02,41.85
6,12,2018-01-03,42.46
6,12,2018-01-04,44.33
6,12,2018-01-05,47.08
6,12,2018-01-06,50.75
6,12,2018-01-07,54.57
6,13,2018-01-01,41.31
6,13,2018-01-02,49.37
6,13,2018-01-03,48.88
6,13,2018-01-04,53.24
6,13,2018-01-05,54.78
6,13,2018-01-06,56.95
6,13,2018-01-07,61.87
6,14,2018-01-01,27.86
6,14,2018-01-02,32.48
6,14,2018-01-03,32.63
6,14,2018-01-04,34.12
6,14,2018-01-05,36.48
6,14,2018-01-06,38.15
6,14,2018-01-07,41.35
6,15,2018-01-01,42.51
6,15,2018-01-02,48.64
6,15,2018-01-03,48.84
6,15,2018-01-04,50.87
6,15,2018-01-05,54.04
6,15,2018-01-06,59.12
6,15,2018-01-07,62.03
6,16,2018-01-01,12.46
6,16,2018-01-02,15.08
6,16,2018-01-03,15.04
6,16,2018-01-04,15.92
6,16,2018-01-05,16.48
6,16,2018-01-06,17.24
6,16,2018-01-07,18.61
6,17,2018-01-01,17.26
6,17,2018-01-02,20.04
6,17,2018-01-03,19.97
6,17,2018-01-04,21.0
6,17,2018-01-05,22.66
6,17,2018-01-06,23.76
6,17,2018-01-07,25.34
6,18,2018-01-01,42.86
6,18,2018-01-02,49.53
6,18,2018-01-03,50.02
6,18,2018-01-04,51.72
6,18,2018-01-05,55.51
6,18,2018-01-06,58.97
6,18,2018-01-07,63.5
6,19,2018-01-01,19.84
6,19,2018-01-02,23.18
6,19,2018-01-03,23.09
6,19,2018-01-04,24.79
6,19,2018-01-05,26.48
6,19,2018-01-06,28.26
6,19,2018-01-07,29.95
6,20,2018-01-01,24.72
6,20,2018-01-02,29.31
6,20,2018-01-03,29.12
6,20,2018-01-04,31.13
6,20,2018-01-05,32.57
6,20,2018-01-06,34.87
6,20,2018-01-07,37.33
6,21,2018-01-01,18.81
6,21,2018-01-02,22.46
6,21,2018-01-03,21.92
6,21,2018-01-04,23.2
6,21,2018-01-05,24.49
6,21,2018-01-06,25.91
6,21,2018-01-07,27.62
6,22,2018-01-01,37.37
6,22,2018-01-02,43.83
6,22,2018-01-03,44.61
6,22,2018-01-04,46.08
6,22,2018-01-05,51.42
6,22,2018-01-06,53.19
6,22,2018-01-07,58.47
6,23,2018-01-01,14.51
6,23,2018-01-02,16.83
6,23,2018-01-03,16.57
6,23,2018-01-04,17.45
6,23,2018-01-05,18.64
6,23,2018-01-06,19.31
6,23,2018-01-07,20.32
6,24,2018-01-01,31.11
6,24,2018-01-02,37.51
6,24,2018-01-03,38.39
6,24,2018-01-04,39.74
6,24,2018-01-05,42.96
6,24,2018-01-06,44.28
6,24,2018-01-07,47.58
6,25,2018-01-01,41.85
6,25,2018-01-02,51.63
6,25,2018-01-03,48.15
6,25,2018-01-04,50.81
6,25,2018-01-05,55.35
6,25,2018-01-06,57.51
6,25,2018-01-07,62.0
6,26,2018-01-01,22.46
6,26,2018-01-02,26.41
6,26,2018-01-03,26.16
6,26,2018-01-04,28.89
6,26,2018-01-05,30.38
6,26,2018-01-06,32.51
6,26,2018-01-07,33.33
6,27,2018-01-01,11.68
6,27,2018-01-02,13.26
6,27,2018-01-03,13.22
6,27,2018-01-04,14.14
6,27,2018-01-05,14.86
6,27,2018-01-06,16.45
6,27,2018-01-07,17.61
6,28,2018-01-01,42.21
6,28,2018-01-02,50.4
6,28,2018-01-03,49.92
6,28,2018-01-04,52.05
6,28,2018-01-05,55.69
6,28,2018-01-06,59.33
6,28,2018-01-07,62.34
6,30,2018-01-01,19.65
6,30,2018-01-02,22.55
6,30,2018-01-03,22.17
6,30,2018-01-04,23.63
6,30,2018-01-05,25.35
6,30,2018-01-06,26.97
6,30,2018-01-07,28.64
7,11,2018-01-01,30.85
7,11,2018-01-02,36.69
7,11,2018-01-03,36.83
7,11,2018-01-04,38.86
7,11,2018-01-05,40.72
7,11,2018-01-06,44.06
7,11,2018-01-07,47.78
7,12,2018-01-01,32.57
7,12,2018-01-02,38.36
7,12,2018-01-03,37.67
7,12,2018-01-04,40.04
7,12,2018-01-05,42.74
7,12,2018-01-06,46.09
7,12,2018-01-07,48.71
7,13,2018-01-01,38.03
7,13,2018-01-02,44.3
7,13,2018-01-03,44.64
7,13,2018-01-04,46.29
7,13,2018-01-05,48.35
7,13,2018-01-06,53.2
7,13,2018-01-07,59.08
7,46,2018-01-01,26.21
7,46,2018-01-02,30.66
7,46,2018-01-03,30.69
7,46,2018-01-04,32.93
7,46,2018-01-05,35.07
7,46,2018-01-06,36.73
7,46,2018-01-07,39.1
7,47,2018-01-01,9.22
7,47,2018-01-02,10.47
7,47,2018-01-03,10.69
7,47,2018-01-04,11.19
7,47,2018-01-05,12.19
7,47,2018-01-06,12.94
7,47,2018-01-07,13.82
7,48,2018-01-01,24.7
7,48,2018-01-02,27.54
7,48,2018-01-03,27.29
7,48,2018-01-04,30.41
7,48,2018-01-05,31.21
7,48,2018-01-06,32.76
7,48,2018-01-07,35.94
7,49,2018-01-01,12.65
7,49,2018-01-02,14.7
7,49,2018-01-03,14.72
7,49,2018-01-04,15.28
7,49,2018-01-05,16.34
7,49,2018-01-06,17.37
7,49,2018-01-07,18.56
7,50,2018-01-01,28.42
7,50,2018-01-02,34.06
7,50,2018-01-03,33.74
7,50,2018-01-04,35.4
7,50,2018-01-05,37.75
7,50,2018-01-06,40.44
7,50,2018-01-07,42.97
8,1,2018-01-01,17.6
8,1,2018-01-02,20.63
8,1,2018-01-03,20.2
8,1,2018-01-04,21.49
8,1,2018-01-05,22.54
8,1,2018-01-06,23.7
8,1,2018-01-07,25.16
8,2,2018-01-01,52.11
8,2,2018-01-02,58.57
8,2,2018-01-03,58.35
8,2,2018-01-04,61.76
8,2,2018-01-05,65.76
8,2,2018-01-06,69.86
8,2,2018-01-07,74.29
8,3,2018-01-01,30.17
8,3,2018-01-02,35.0
8,3,2018-01-03,34.69
8,3,2018-01-04,37.3
8,3,2018-01-05,40.01
8,3,2018-01-06,42.12
8,3,2018-01-07,44.02
8,4,2018-01-01,14.86
8,4,2018-01-02,17.6
8,4,2018-01-03,17.0
8,4,2018-01-04,18.36
8,4,2018-01-05,19.4
8,4,2018-01-06,20.76
8,4,2018-01-07,22.38
8,5,2018-01-01,16.03
8,5,2018-01-02,18.47
8,5,2018-01-03,18.3
8,5,2018-01-04,19.46
8,5,2018-01-05,20.68
8,5,2018-01-06,21.93
8,5,2018-01-07,23.24
8,6,2018-01-01,47.71
8,6,2018-01-02,55.75
8,6,2018-01-03,55.98
8,6,2018-01-04,59.09
8,6,2018-01-05,63.34
8,6,2018-01-06,66.43
8,6,2018-01-07,69.43
8,7,2018-01-01,48.18
8,7,2018-01-02,54.92
8,7,2018-01-03,53.85
8,7,2018-01-04,58.34
8,7,2018-01-05,62.73
8,7,2018-01-06,65.58
8,7,2018-01-07,68.85
8,8,2018-01-01,58.76
8,8,2018-01-02,69.05
8,8,2018-01-03,66.05
8,8,2018-01-04,73.08
8,8,2018-01-05,77.79
8,8,2018-01-06,82.92
8,8,2018-01-07,87.61
8,9,2018-01-01,42.72
8,9,2018-01-02,49.76
8,9,2018-01-03,47.97
8,9,2018-01-04,52.86
8,9,2018-01-05,56.78
8,9,2018-01-06,58.61
8,9,2018-01-07,62.11
8,10,2018-01-01,55.87
8,10,2018-01-02,65.77
8,10,2018-01-03,65.6
8,10,2018-01-04,70.01
8,10,2018-01-05,74.54
8,10,2018-01-06,78.81
8,10,2018-01-07,85.92
8,11,2018-01-01,56.17
8,11,2018-01-02,64.79
8,11,2018-01-03,64.44
8,11,2018-01-04,69.32
8,11,2018-01-05,74.57
8,11,2018-01-06,78.44
8,11,2018-01-07,80.52
8,12,2018-01-01,57.64
8,12,2018-01-02,64.46
8,12,2018-01-03,64.69
8,12,2018-01-04,67.57
8,12,2018-01-05,73.96
8,12,2018-01-06,75.76
8,12,2018-01-07,80.07
8,13,2018-01-01,66.71
8,13,2018-01-02,80.72
8,13,2018-01-03,77.49
8,13,2018-01-04,81.33
8,13,2018-01-05,83.74
8,13,2018-01-06,91.92
8,13,2018-01-07,94.37
8,14,2018-01-01,46.46
8,14,2018-01-02,53.37
8,14,2018-01-03,53.18
8,14,2018-01-04,56.1
8,14,2018-01-05,60.73
8,14,2018-01-06,65.28
8,14,2018-01-07,67.99
8,15,2018-01-01,67.73
8,15,2018-01-02,79.56
8,15,2018-01-03,78.6
8,15,2018-01-04,85.53
8,15,2018-01-05,89.0
8,15,2018-01-06,94.79
8,15,2018-01-07,100.11
8,16,2018-01-01,18.61
8,16,2018-01-02,21.97
8,16,2018-01-03,21.86
8,16,2018-01-04,23.34
8,16,2018-01-05,24.29
8,16,2018-01-06,25.84
8,16,2018-01-07,27.5
8,17,2018-01-01,27.31
8,17,2018-01-02,32.09
8,17,2018-01-03,32.07
8,17,2018-01-04,33.87
8,17,2018-01-05,36.88
8,17,2018-01-06,38.92
8,17,2018-01-07,40.59
8,18,2018-01-01,63.7
8,18,2018-01-02,71.69
8,18,2018-01-03,72.95
8,18,2018-01-04,79.0
8,18,2018-01-05,84.58
8,18,2018-01-06,92.84
8,18,2018-01-07,99.05
8,19,2018-01-01,32.99
8,19,2018-01-02,38.83
8,19,2018-01-03,38.9
8,19,2018-01-04,41.61
8,19,2018-01-05,42.58
8,19,2018-01-06,46.84
8,19,2018-01-07,49.76
8,20,2018-01-01,40.78
8,20,2018-01-02,47.17
8,20,2018-01-03,47.06
8,20,2018-01-04,49.76
8,20,2018-01-05,52.33
8,20,2018-01-06,55.58
8,20,2018-01-07,59.04
8,21,2018-01-01,35.04
8,21,2018-01-02,39.79
8,21,2018-01-03,39.78
8,21,2018-01-04,42.62
8,21,2018-01-05,46.25
8,21,2018-01-06,48.88
8,21,2018-01-07,52.75
8,22,2018-01-01,62.2
8,22,2018-01-02,71.58
8,22,2018-01-03,72.09
8,22,2018-01-04,75.9
8,22,2018-01-05,80.99
8,22,2018-01-06,83.9
8,22,2018-01-07,91.46
7,45,2018-01-01,36.72
7,45,2018-01-02,42.47
7,45,2018-01-03,43.85
7,45,2018-01-04,44.63
7,45,2018-01-05,49.1
7,45,2018-01-06,51.09
7,45,2018-01-07,56.05
7,44,2018-01-01,13.63
7,44,2018-01-02,15.81
7,44,2018-01-03,15.79
7,44,2018-01-04,16.38
7,44,2018-01-05,17.59
7,44,2018-01-06,18.49
7,44,2018-01-07,19.69
7,43,2018-01-01,25.22
7,43,2018-01-02,30.02
7,43,2018-01-03,29.93
7,43,2018-01-04,32.11
7,43,2018-01-05,33.96
7,43,2018-01-06,36.58
7,43,2018-01-07,39.0
7,42,2018-01-01,15.81
7,42,2018-01-02,18.29
7,42,2018-01-03,18.36
7,42,2018-01-04,19.79
7,42,2018-01-05,20.72
7,42,2018-01-06,22.29
7,42,2018-01-07,23.85
7,14,2018-01-01,28.28
7,14,2018-01-02,32.65
7,14,2018-01-03,32.47
7,14,2018-01-04,34.24
7,14,2018-01-05,37.22
7,14,2018-01-06,38.25
7,14,2018-01-07,42.28
7,15,2018-01-01,38.15
7,15,2018-01-02,45.24
7,15,2018-01-03,44.73
7,15,2018-01-04,48.02
7,15,2018-01-05,50.37
7,15,2018-01-06,53.49
7,15,2018-01-07,56.63
7,16,2018-01-01,11.9
7,16,2018-01-02,13.52
7,16,2018-01-03,13.24
7,16,2018-01-04,14.17
7,16,2018-01-05,15.36
7,16,2018-01-06,16.09
7,16,2018-01-07,16.65
7,17,2018-01-01,14.92
7,17,2018-01-02,17.26
7,17,2018-01-03,17.23
7,17,2018-01-04,18.8
7,17,2018-01-05,19.77
7,17,2018-01-06,21.64
7,17,2018-01-07,23.22
7,18,2018-01-01,39.56
7,18,2018-01-02,45.78
7,18,2018-01-03,46.01
7,18,2018-01-04,48.55
7,18,2018-01-05,51.7
7,18,2018-01-06,54.86
7,18,2018-01-07,57.54
7,19,2018-01-01,18.07
7,19,2018-01-02,21.15
7,19,2018-01-03,21.2
7,19,2018-01-04,22.26
7,19,2018-01-05,23.72
7,19,2018-01-06,25.39
7,19,2018-01-07,26.95
7,20,2018-01-01,21.23
7,20,2018-01-02,24.41
7,20,2018-01-03,24.14
7,20,2018-01-04,26.01
7,20,2018-01-05,28.07
7,20,2018-01-06,29.11
7,20,2018-01-07,30.86
7,21,2018-01-01,18.02
7,21,2018-01-02,20.92
7,21,2018-01-03,20.93
7,21,2018-01-04,22.42
7,21,2018-01-05,23.89
7,21,2018-01-06,25.56
7,21,2018-01-07,26.94
7,22,2018-01-01,38.38
7,22,2018-01-02,45.41
7,22,2018-01-03,46.18
7,22,2018-01-04,48.04
7,22,2018-01-05,51.63
7,22,2018-01-06,53.68
7,22,2018-01-07,56.92
7,23,2018-01-01,11.41
7,23,2018-01-02,13.18
7,23,2018-01-03,13.2
7,23,2018-01-04,14.08
7,23,2018-01-05,14.34
7,23,2018-01-06,16.0
7,23,2018-01-07,16.47
7,24,2018-01-01,32.53
7,24,2018-01-02,37.05
7,24,2018-01-03,37.77
7,24,2018-01-04,39.5
7,24,2018-01-05,42.08
7,24,2018-01-06,44.03
7,24,2018-01-07,49.04
7,25,2018-01-01,36.8
7,25,2018-01-02,42.69
7,25,2018-01-03,43.02
7,25,2018-01-04,46.1
7,25,2018-01-05,48.53
7,25,2018-01-06,51.68
7,25,2018-01-07,56.64
7,26,2018-01-01,21.26
7,26,2018-01-02,25.15
7,26,2018-01-03,25.23
7,26,2018-01-04,26.82
7,26,2018-01-05,28.53
7,26,2018-01-06,30.58
7,26,2018-01-07,32.44
8,24,2018-01-01,52.77
8,24,2018-01-02,62.47
8,24,2018-01-03,62.67
8,24,2018-01-04,63.97
8,24,2018-01-05,68.08
8,24,2018-01-06,73.98
8,24,2018-01-07,78.01
7,27,2018-01-01,9.22
7,27,2018-01-02,10.54
7,27,2018-01-03,10.12
7,27,2018-01-04,11.02
7,27,2018-01-05,11.57
7,27,2018-01-06,11.44
7,27,2018-01-07,12.53
7,29,2018-01-01,34.62
7,29,2018-01-02,39.64
7,29,2018-01-03,38.72
7,29,2018-01-04,41.97
7,29,2018-01-05,45.05
7,29,2018-01-06,47.96
7,29,2018-01-07,49.96
7,30,2018-01-01,17.36
7,30,2018-01-02,20.58
7,30,2018-01-03,20.48
7,30,2018-01-04,21.23
7,30,2018-01-05,22.79
7,30,2018-01-06,23.83
7,30,2018-01-07,25.79
7,31,2018-01-01,28.72
7,31,2018-01-02,32.88
7,31,2018-01-03,33.13
7,31,2018-01-04,34.64
7,31,2018-01-05,37.42
7,31,2018-01-06,39.16
7,31,2018-01-07,42.23
7,32,2018-01-01,20.93
7,32,2018-01-02,24.36
7,32,2018-01-03,24.52
7,32,2018-01-04,26.25
7,32,2018-01-05,27.68
7,32,2018-01-06,29.1
7,32,2018-01-07,30.91
7,33,2018-01-01,32.6
7,33,2018-01-02,38.48
7,33,2018-01-03,38.7
7,33,2018-01-04,41.19
7,33,2018-01-05,42.69
7,33,2018-01-06,45.74
7,33,2018-01-07,48.78
7,34,2018-01-01,11.36
7,34,2018-01-02,13.14
7,34,2018-01-03,13.09
7,34,2018-01-04,13.99
7,34,2018-01-05,15.1
7,34,2018-01-06,15.95
7,34,2018-01-07,17.0
7,35,2018-01-01,30.74
7,35,2018-01-02,34.57
7,35,2018-01-03,34.22
7,35,2018-01-04,36.27
7,35,2018-01-05,39.63
7,35,2018-01-06,40.73
7,35,2018-01-07,43.97
7,36,2018-01-01,34.56
7,36,2018-01-02,40.32
7,36,2018-01-03,40.03
7,36,2018-01-04,41.96
7,36,2018-01-05,45.65
7,36,2018-01-06,48.78
7,36,2018-01-07,52.72
7,37,2018-01-01,12.47
7,37,2018-01-02,14.8
7,37,2018-01-03,14.98
7,37,2018-01-04,15.86
7,37,2018-01-05,16.74
7,37,2018-01-06,17.31
7,37,2018-01-07,18.42
7,38,2018-01-01,34.16
7,38,2018-01-02,40.8
7,38,2018-01-03,40.13
7,38,2018-01-04,43.36
7,38,2018-01-05,46.35
7,38,2018-01-06,48.14
7,38,2018-01-07,52.56
7,39,2018-01-01,18.08
7,39,2018-01-02,20.87
7,39,2018-01-03,20.52
7,39,2018-01-04,21.99
7,39,2018-01-05,23.39
7,39,2018-01-06,25.25
7,39,2018-01-07,26.59
7,40,2018-01-01,13.25
7,40,2018-01-02,15.7
7,40,2018-01-03,15.38
7,40,2018-01-04,16.48
7,40,2018-01-05,17.4
7,40,2018-01-06,18.33
7,40,2018-01-07,18.95
7,41,2018-01-01,9.33
7,41,2018-01-02,10.01
7,41,2018-01-03,9.85
7,41,2018-01-04,10.58
7,41,2018-01-05,11.53
7,41,2018-01-06,12.28
7,41,2018-01-07,12.74
7,28,2018-01-01,38.39
7,28,2018-01-02,45.11
7,28,2018-01-03,44.66
7,28,2018-01-04,47.14
7,28,2018-01-05,51.5
7,28,2018-01-06,53.19
7,28,2018-01-07,56.66
10,50,2018-01-01,47.85
10,50,2018-01-02,54.43
10,50,2018-01-03,54.02
10,50,2018-01-04,59.36
10,50,2018-01-05,62.07
10,50,2018-01-06,66.73
10,50,2018-01-07,70.52
