store,item,current_inventory,lead_time_days,lead_time_demand,demand_std,safety_stock,reorder_point,reorder_alert
5,50,65,7,272.03999999999996,14.119762505793297,61.63967726667838,333.67967726667837,True
10,48,138,7,319.8,15.682700040768314,68.46266491992753,388.26266491992754,True
4,7,97,7,348.09000000000003,16.878314500631696,73.68210748570122,421.77210748570127,True
4,8,52,7,453.2,21.671868541899993,94.60831810311974,547.8083181031197,True
4,9,159,7,319.02,14.985924413492206,65.42089812144457,384.44089812144455,True
4,10,158,7,434.86,20.47869640427423,89.39953746982873,524.2595374698287,True
4,11,163,7,465.33,20.11475863956874,87.81077091993821,553.1407709199382,True
4,12,79,7,439.69,19.57390218920201,85.4496676765566,525.1396676765567,True
4,13,122,7,536.78,23.253662395311945,101.5136228195924,638.2936228195924,True
4,14,127,7,347.29,16.782445749315496,73.26359344280104,420.55359344280106,True
4,15,145,7,524.37,24.06608786113353,105.06025779280294,629.430257792803,True
4,16,64,7,137.65,8.282680007700234,36.15795395767726,173.80795395767726,True
4,17,103,7,173.98,10.326331308453632,45.07949258641707,219.05949258641706,True
4,18,128,7,491.13,23.311452298182406,101.76590404321401,592.895904043214,True
4,19,108,7,252.79,12.203930740916071,53.27613350056826,306.06613350056824,True
4,20,138,7,267.73,13.858943422052391,60.50107425262741,328.2310742526274,True
4,21,115,7,246.25,11.982360223547463,52.308869697313185,298.5588696973132,True
4,22,105,7,489.26,22.05639777455057,96.28697649347583,585.5469764934758,True
4,23,59,7,162.36,9.223173578374695,40.26366891881588,202.6236689188159,True
4,24,185,7,389.81,18.570654816095495,81.0700016395708,470.8800016395708,True
4,25,59,7,495.97,22.30320208153468,97.36439814446216,593.3343981444622,True
4,26,72,7,282.07,14.13606052145218,61.71082608556883,343.78082608556883,True
4,27,163,7,129.4,7.257800442899753,31.68385281145786,161.08385281145786,False
4,28,151,7,522.28,24.394700719828148,106.4948138306475,628.7748138306474,True
4,29,62,7,424.23,20.015216444137753,87.37622049472637,511.60622049472636,True
4,30,75,7,244.01,12.04707939742327,52.591400581882525,296.6014005818825,True
4,31,162,7,366.84000000000003,16.38785213206001,71.5409990854852,438.3809990854852,True
4,32,151,7,267.34,13.229827421029299,57.75467485317179,325.0946748531718,True
4,33,143,7,416.27,19.279486774238517,84.16440022583008,500.4344002258301,True
4,6,121,7,343.69,16.640207368763583,72.6426532627833,416.3326532627833,True
4,34,123,7,153.25,8.512450168451279,37.16101321936075,190.41101321936074,True
4,5,186,7,103.4,6.569408908945846,28.67868668570874,132.07868668570876,False
4,3,112,7,240.68,11.268487036921549,49.19246368022173,289.87246368022176,True
3,26,109,7,300.56,15.15302677561831,66.15038175601183,366.7103817560118,True
3,27,151,7,143.13,7.939525972368419,34.659918563531434,177.78991856353144,True
3,28,54,7,534.74,25.79788097085117,112.62038271217426,647.3603827121742,True
3,29,153,7,468.7,21.20533634947327,92.57167663950447,561.2716766395044,True
3,30,179,7,264.82,12.999387244749762,56.74869064562444,321.56869064562443,True
3,31,195,7,365.58,18.185386058432005,79.38811486041514,444.96811486041514,True
3,32,137,7,301.62,14.304873574849703,62.4477777251985,364.0677777251985,True
3,33,178,7,475.46000000000004,20.838309679305883,90.96942550474925,566.4294255047492,True
3,34,127,7,166.0,8.75667822125509,38.22718825935306,204.22718825935306,True
3,35,196,7,430.7,19.592967725852894,85.53289807973049,516.2328980797305,True
3,36,156,7,497.83,23.347377186300378,101.92273377094666,599.7527337709466,True
3,37,67,7,181.41,9.904618460579071,43.23850950815818,224.64850950815818,True
3,38,64,7,516.6700000000001,24.451624850252244,106.74331553360375,623.4133155336038,True
3,39,187,7,290.38,14.100432736738481,61.55529335967645,351.93529335967645,True
3,40,111,7,181.95999999999998,10.170112897694317,44.39752272903691,226.35752272903687,True
3,41,56,7,131.92,7.884197611073914,34.41838317421535,166.33838317421532,True
3,42,188,7,237.9,12.175599683274902,53.1524545612866,291.0524545612866,True
3,43,95,7,322.67,15.740130199491333,68.71337568419206,391.38337568419206,True
3,44,184,7,184.31,10.085444336570939,44.02790300064999,228.33790300065,True
3,45,141,7,542.17,24.152409068434178,105.43709213099376,647.6070921309937,True
3,46,149,7,392.87,18.02404349354947,78.68377556117713,471.55377556117713,True
3,47,196,7,142.54,7.8772064149060865,34.387863179610896,176.92786317961088,False
3,48,78,7,349.57,16.25050108055179,70.94139448988864,420.51139448988863,True
3,49,61,7,189.09,10.061325017180447,43.922610361166015,233.01261036116603,True
3,50,85,7,429.14,19.625806900409856,85.67625715680877,514.8162571568088,True
4,1,195,7,135.35,7.276110206896518,31.763783896922405,167.1137838969224,False
4,2,178,7,343.31,16.935539587563827,73.93192301118239,417.2419230111824,True
4,4,87,7,163.67000000000002,7.374537124570967,32.19346558861642,195.86346558861644,True
4,35,187,7,368.62,18.883775863008363,82.43692833321701,451.056928333217,True
4,36,198,7,474.52,21.512086217149534,93.91079001605053,568.4307900160505,True
4,37,180,7,168.08,9.285258976625958,40.53470208312094,208.61470208312096,True
5,20,119,7,213.2,10.639930305912246,46.44850576823027,259.6485057682303,True
5,21,99,7,158.18,9.33015396652752,40.73069069746822,198.91069069746823,True
5,22,64,7,350.84000000000003,16.714598298054046,72.96740609564087,423.8074060956409,True
5,23,158,7,110.49,7.145809918305246,31.194959333957858,141.68495933395786,False
5,24,94,7,290.67,14.060584499203191,61.38133629061714,352.05133629061714,True
5,25,87,7,335.27,17.02156915946041,74.30748421803132,409.5774842180313,True
5,26,104,7,198.74,10.628849427976643,46.40013231014259,245.1401323101426,True
5,27,84,7,98.95,5.79041756438275,25.278008023252205,124.22800802325222,True
5,28,143,7,398.32,17.889658426064987,78.09711893817757,476.41711893817757,True
5,29,125,7,291.56,14.68978693066676,64.12811300126727,355.68811300126725,True
5,30,118,7,170.6,9.130530796946967,39.8592378141178,210.45923781411778,True
5,31,53,7,243.42000000000002,12.574447671001813,54.89362132891912,298.3136213289191,True
5,32,64,7,194.45,9.960600715344587,43.48289946266283,237.93289946266282,True
5,33,146,7,279.95,14.983226048962198,65.40911843898111,345.3591184389811,True
5,34,104,7,101.86,6.508902785928344,28.414547831112106,130.2745478311121,True
5,35,66,7,294.52,14.10634780170272,61.58111551463532,356.1011155146353,True
5,36,93,7,335.82,16.057524232396464,70.09895605401871,405.91895605401874,True
5,37,126,7,111.92,7.006633136211962,30.587384530364314,142.5073845303643,True
5,38,159,7,366.14,16.515715890236134,72.09918700010819,438.2391870001082,True
5,39,152,7,182.71,10.018496709407883,43.735643826290115,226.4456438262901,True
5,40,109,7,116.81,7.151286105329102,31.21886557180456,148.02886557180457,True
5,41,53,7,89.99,5.9053809023844135,25.77987928695194,115.76987928695193,True
5,42,183,7,159.37,8.421739922714139,36.765018579243794,196.1350185792438,True
5,43,193,7,225.27,11.226462909212747,49.00900778510158,274.2790077851016,True
5,44,102,7,115.43,7.334947450268294,32.0206372746764,147.4506372746764,True
5,45,86,7,340.18,16.84653231182864,73.54336266900582,413.72336266900584,True
5,46,190,7,271.69,12.622441487554,55.10313783897792,326.79313783897794,True
5,19,144,7,164.57999999999998,9.278501348063132,40.5052017254818,205.0852017254818,True
5,18,147,7,373.19,17.16863157236588,74.94948366142371,448.1394836614237,True
5,17,86,7,138.94,7.969445111073783,34.79053025428324,173.73053025428322,True
5,16,66,7,103.02,6.209272169069957,27.10651347042162,130.12651347042163,True
4,38,140,7,482.26,22.41939308010196,97.87162874767107,580.131628747671,True
4,39,50,7,267.22,13.059759471074003,57.012244975590704,324.23224497559073,True
4,40,72,7,169.6,9.360719062246906,40.86412230688764,210.46412230688765,True
4,41,80,7,135.79,7.319116263972953,31.951526394547002,167.741526394547,True
4,42,82,7,211.64,11.005730791633958,48.045404007462636,259.68540400746264,True
4,43,176,7,315.75,14.994553596802099,65.45856873198626,381.20856873198625,True
4,44,153,7,173.48,9.19167731885172,40.12617232343709,213.60617232343708,True
4,45,83,7,473.03000000000003,22.54085851348552,98.40188484154999,571.4318848415501,True
4,46,57,7,357.84,16.87740219998465,73.67812484665677,431.51812484665675,True
4,47,185,7,144.42000000000002,7.417443010482304,32.38077079005522,176.80077079005525,False
4,48,124,7,311.3,15.079875964671832,65.83104264696614,377.13104264696614,True
4,49,169,7,169.65,9.300840258600747,40.602722008522164,210.25272200852217,True
4,50,121,7,383.90999999999997,18.637954404952673,81.36379729906824,465.2737972990682,True
3,25,70,7,523.8199999999999,23.826943041212203,104.01627355341505,627.836273553415,True
5,1,150,7,99.65,5.732686226406231,25.025982464069738,124.67598246406975,False
5,3,147,7,161.7,8.566017876071749,37.39486249326226,199.09486249326224,True
5,4,141,7,88.83,5.641504626224345,24.62793013099652,113.45793013099652,False
5,5,118,7,79.41,5.129855177931809,22.39432975326453,101.80432975326453,False
5,6,74,7,238.3,12.829253236798987,56.00597239254693,294.30597239254695,True
5,7,142,7,247.26,12.714899749446895,55.50676342555403,302.766763425554,True
5,8,154,7,328.85,16.3602358084809,71.42044031036345,400.2704403103635,True
5,9,56,7,218.69,11.311878050753768,49.3818867025845,268.0718867025845,True
5,10,99,7,323.48,15.348561606919546,67.003987040864,390.483987040864,True
5,11,162,7,297.21,14.960902621537127,65.31166574730851,362.5216657473085,True
5,12,79,7,295.7,14.680806247120113,64.0889079200754,359.7889079200754,True
5,13,143,7,349.69,17.403970272543404,75.97685232441293,425.66685232441296,True
5,14,91,7,279.89,12.831434051667198,56.01549271731158,335.9054927173116,True
5,15,80,7,398.73,18.06121133597894,78.84603139310853,477.57603139310856,True
5,2,51,7,245.7,12.476710671853786,54.46695146942069,300.16695146942067,True
5,47,97,7,98.5,5.83570108910218,25.475692782330704,123.9756927823307,True
3,24,160,7,480.28,20.10337939077355,87.76109492694718,568.0410949269472,True
3,22,122,7,506.62,24.136915824012007,105.36945653261846,611.9894565326184,True
1,32,187,7,225.81,11.323641817925877,49.4332413065753,275.2432413065753,True
1,33,138,7,366.02,16.92839706613697,73.90074240772387,439.9207424077239,True
1,34,85,7,135.9,7.438550409225806,32.47291492108822,168.37291492108824,True
1,35,119,7,334.81,16.292091874011003,71.12295866882147,405.93295866882147,True
1,36,52,7,407.24,18.933275834475303,82.65301994698743,489.89301994698747,True
1,37,114,7,130.04,8.24372316384008,35.98788825849265,166.02788825849265,True
1,38,186,7,417.65999999999997,19.677052306163876,85.89996844591734,503.5599684459173,True
1,39,166,7,228.82999999999998,11.665409449561393,50.92522436971583,279.7552243697158,True
1,40,132,7,151.82,8.14798964599892,35.56996457592987,187.38996457592987,True
1,41,95,7,109.57000000000001,6.614824203729145,28.876946685638984,138.44694668563898,True
1,42,195,7,167.63,9.501225618707794,41.47750222673742,209.1075022267374,True
1,43,51,7,258.32,13.19482745201493,57.60188285022526,315.92188285022524,True
1,44,164,7,152.8,8.288400847860544,36.182928226262234,188.98292822626223,True
1,45,64,7,422.23,19.480605208118313,85.04238067002268,507.2723806700227,True
1,46,178,7,297.48,14.754222691879063,64.40940665078364,361.88940665078366,True
1,47,148,7,107.7,6.51057596561353,28.421852079732556,136.12185207973255,False
1,48,130,7,272.49,13.210914904672471,57.672112458509886,330.1621124585099,True
1,49,90,7,158.22,8.209257323455816,35.837427988559696,194.0574279885597,True
1,50,177,7,338.24,16.18190197010056,70.64192578230521,408.8819257823052,True
2,1,122,7,142.78,8.591951313973357,37.50807464835444,180.28807464835444,True
2,2,120,7,421.87,20.060466359845137,87.57375853401018,509.44375853401016,True
2,3,85,7,267.45,13.382960086168916,58.423173919945725,325.8731739199457,True
2,4,73,7,168.36,8.552076643090146,37.33400218478802,205.69400218478802,True
2,5,107,7,131.48,7.687359854001371,33.559089980376555,165.03908998037656,True
2,6,61,7,408.0,20.00603086534034,87.33612094543524,495.33612094543525,True
2,7,144,7,432.99,20.232243900877,88.3236516137644,521.3136516137644,True
2,8,105,7,595.46,25.90542232916058,113.08985340024657,708.5498534002465,True
1,31,79,7,287.33,14.729875224739116,64.30311803465773,351.63311803465774,True
2,9,54,7,350.34000000000003,17.90685549916263,78.17219258302362,428.51219258302365,True
1,30,191,7,198.64,10.826971000237577,47.26502998591584,245.90502998591583,True
1,28,156,7,456.25,21.224402298035315,92.65490884087225,548.9049088408723,True
1,1,91,7,103.66,6.6821441527235,29.170831227104795,132.8308312271048,True
1,2,64,7,315.68,14.794356234870532,64.58460921786276,380.26460921786276,True
1,3,198,7,172.59,9.942211839712545,43.40262301617225,215.99262301617225,True
1,4,170,7,109.33000000000001,6.57473458250994,28.701935858602674,138.03193585860268,False
1,5,62,7,85.27,5.618951180516423,24.52947329688777,109.79947329688777,True
1,6,69,7,301.02,14.625993240371335,63.849622305701594,364.86962230570157,True
1,7,155,7,305.65999999999997,14.895208587742271,65.02487912183945,370.6848791218394,True
1,8,156,7,396.47,18.50293348260455,80.77436485823414,477.2443648582342,True
1,9,132,7,255.51,13.061458898990725,57.01966381059461,312.52966381059457,True
1,10,169,7,404.16,18.016772142094673,78.65203255156331,482.81203255156333,True
1,11,106,7,346.99,16.975351986387803,74.1057236267179,421.0957236267179,True
1,12,193,7,356.45,17.432605805334994,76.10186044681647,432.5518604468165,True
1,13,58,7,427.21000000000004,20.08311421657681,87.67262751846721,514.8826275184672,True
1,14,180,7,309.49,14.555023105041961,63.5398029135213,373.0298029135213,True
1,15,148,7,449.36,21.38496647453699,93.35585009367962,542.7158500936796,True
1,16,195,7,137.3,7.540190629974243,32.916624254136636,170.21662425413666,False
1,17,171,7,169.26,9.054043064010681,39.52533140661851,208.7853314066185,True
1,18,139,7,442.88,20.792658358050307,90.77013513369403,533.650135133694,True
1,19,143,7,208.85,10.973418242491848,47.90434390818929,256.7543439081893,True
1,20,54,7,267.22,12.010515387683592,52.43178077531675,319.65178077531675,True
1,21,143,7,201.79000000000002,10.746874723352695,46.91537051710955,248.70537051710957,True
1,22,172,7,417.96,19.531171953331622,85.2631292735559,503.22312927355586,True
1,23,104,7,148.69,8.384458201891437,36.60226561236387,185.29226561236388,True
1,24,80,7,309.96999999999997,16.434956021682567,71.74663062873164,381.7166306287316,True
1,25,191,7,406.65,19.459660215772576,84.95094552244038,491.6009455224404,True
1,26,199,7,268.14,12.677772725385598,55.34468578578696,323.48468578578695,True
1,27,171,7,113.7,6.605306342051958,28.835396558870915,142.53539655887093,False
1,29,122,7,356.15,17.074801512929763,74.5398695068526,430.6898695068526,True
2,10,163,7,515.71,24.6555201146476,107.63341820270864,623.3434182027087,True
2,11,71,7,510.06,23.870332646165608,104.20569042533191,614.265690425332,True
2,12,109,7,508.96,23.71284886384363,103.51819660147477,612.4781966014748,True
2,45,191,7,613.69,26.920621078828717,117.52169304807381,731.2116930480738,True
2,46,177,7,437.24,20.313423386160753,88.67803981763912,525.9180398176392,True
2,47,106,7,170.1,8.509981422263644,37.15023593339742,207.25023593339742,True
2,48,121,7,362.02,17.83950425181831,77.87817140893453,439.8981714089345,True
2,49,193,7,216.36,11.06358406999004,48.297961896111616,264.6579618961116,True
2,50,196,7,472.24,22.53707699586341,98.38537666545925,570.6253766654593,True
3,1,179,7,136.64,7.82139660174408,34.14422601714388,170.78422601714385,False
3,2,199,7,385.97,18.261559683766322,79.72065003442488,465.6906500344249,True
3,3,88,7,233.53,11.76854050654548,51.37544193294058,284.90544193294056,True
3,4,191,7,133.54,7.887262409039845,34.43176251805559,167.97176251805558,False
3,5,197,7,125.63,6.779334329674207,29.595113939953187,155.2251139399532,False
3,6,105,7,364.36,18.22561989789493,79.56375527070367,443.9237552707037,True
3,7,156,7,380.68,18.077671275856044,78.91788709049985,459.59788709049985,True
3,8,127,7,469.46000000000004,23.2738168529749,101.60160689618858,571.0616068961887,True
3,9,126,7,336.21,15.572707527244166,67.98249373910225,404.19249373910225,True
3,10,110,7,430.94,22.061022568434918,96.30716598337264,527.2471659833726,True
3,11,50,7,475.63,21.091969805431756,92.07677616333211,567.706776163332,True
3,12,132,7,458.73,20.999219939503668,91.67187758235463,550.4018775823547,True
3,13,190,7,566.11,25.33694019818184,110.6081505337128,676.7181505337128,True
3,14,77,7,384.32,18.15466038604247,79.253982255202,463.573982255202,True
3,15,183,7,561.48,26.489777299504446,115.64084898295532,677.1208489829553,True
3,16,147,7,167.13,8.775552669097976,38.30958446631086,205.43958446631086,True
3,17,191,7,211.97,10.880225742227706,47.49751301159315,259.46751301159316,True
3,18,147,7,538.4300000000001,25.0955340189399,109.55429435358585,647.9842943535859,True
3,19,184,7,244.88,13.05079231881518,56.97309896509597,301.85309896509597,True
3,20,174,7,322.86,14.84655474196773,64.812481261033,387.672481261033,True
3,21,132,7,262.49,12.966800310713,56.60643272192974,319.0964327219298,True
2,44,82,7,210.66,10.99099436072685,47.98107227066436,258.6410722706644,True
2,43,119,7,382.31,17.592127180939375,76.79824936308586,459.10824936308586,True
2,42,127,7,274.57,13.412029236027275,58.55007499317204,333.120074993172,True
2,41,83,7,147.71,8.42424538484588,36.775956148281594,184.48595614828162,True
2,13,124,7,603.0699999999999,28.02049873684333,122.32319759498345,725.3931975949833,True
2,14,135,7,418.44,19.800165979131698,86.43741991266393,504.8774199126639,True
2,15,96,7,630.22,29.252079610301198,127.69965116752827,757.9196511675283,True
2,16,160,7,161.07,9.715637661905685,42.413515784995546,203.48351578499555,True
2,17,80,7,233.28,12.131141021605266,52.958370733325594,286.2383707333256,True
2,18,123,7,594.62,28.16489860246605,122.95357371573508,717.573573715735,True
2,19,80,7,288.35,14.267855099038659,62.28617395169587,350.6361739516959,True
2,20,98,7,327.21,16.760517076946027,73.16786405024317,400.37786405024315,True
2,21,168,7,296.4,14.534804230729277,63.45153762670658,359.85153762670654,True
2,22,96,7,580.89,26.600860839255184,116.12578302749512,697.0157830274951,True
2,23,134,7,223.04,10.946759341640831,47.787964752090396,270.8279647520904,True
2,24,88,7,449.09000000000003,22.24045513661239,97.09047700500297,546.180477005003,True
2,25,105,7,607.57,27.27330086288422,119.06131299980768,726.6313129998077,True
3,23,155,7,187.68,9.823611390683688,42.88487398187918,230.5648739818792,True
2,26,171,7,358.24,16.837027836637326,73.50187098080345,431.74187098080347,True
2,28,188,7,629.4399999999999,29.071380333264134,126.91081034146504,756.3508103414649,True
2,29,83,7,507.02,23.136281947020283,101.00119968590673,608.0211996859067,True
2,30,96,7,295.45,14.630725912110659,63.870282735259195,359.3202827352592,True
2,31,84,7,436.15,20.09483819757176,87.7238084363129,523.8738084363129,True
2,32,159,7,346.82,15.656636926783156,68.34888666523305,415.16888666523306,True
2,33,57,7,486.72,23.77343094427549,103.78266704737864,590.5026670473786,True
2,34,165,7,186.55,9.687128424914452,42.28905900560298,228.839059005603,True
2,35,155,7,467.07,22.577472321686976,98.5617220427859,565.6317220427859,True
2,36,128,7,593.24,25.588987248556876,111.70845932677933,704.9484593267794,True
2,37,139,7,197.14,10.847293911901229,47.353749446710786,244.49374944671078,True
2,38,110,7,609.97,26.712373686803954,116.61259121078957,726.5825912107896,True
2,39,90,7,315.9,15.593042726609882,68.07126684173355,383.9712668417335,True
2,40,78,7,232.39,10.968296314457326,47.88198418429864,280.2719841842986,True
2,27,162,7,165.81,8.754807992742792,38.2190237961147,204.0290237961147,True
10,49,149,7,182.68,9.994109882574465,43.6291833858292,226.30918338582921,True
5,48,187,7,237.01,11.31330515060703,49.388116692242356,286.39811669224235,True
6,1,55,7,86.62,5.580290573547135,24.36070081678812,110.98070081678813,True
9,8,172,7,451.77,21.86594114879141,95.45554006242548,547.2255400624255,True
9,9,152,7,320.67,14.97339499430298,65.3662010714874,386.0362010714874,True
9,10,123,7,440.95000000000005,20.62846734628244,90.05336096902178,531.0033609690219,True
9,11,113,7,441.0,19.322691663516842,84.35301072337676,525.3530107233768,True
9,12,172,7,406.93,19.759702084549403,86.26077519912981,493.1907751991298,True
9,13,169,7,491.97,23.286045992473557,101.6549930782605,593.6249930782606,True
9,14,52,7,333.18,16.877843301212653,73.68005046950806,406.86005046950805,True
9,15,115,7,487.83,24.179594775185148,105.55577105280344,593.3857710528034,True
9,16,72,7,154.05,8.384576250978713,36.60278095443413,190.65278095443415,True
9,17,88,7,196.03,10.409974783378459,45.44463731160026,241.47463731160025,True
9,18,158,7,484.47,23.758730882357327,103.71849407902566,588.1884940790256,True
9,19,189,7,258.15999999999997,12.075128051936245,52.71384669322717,310.87384669322716,True
9,20,173,7,293.66999999999996,13.865674151351552,60.530457181809076,354.20045718180904,True
9,21,166,7,227.87,12.161572846212788,53.091220549083765,280.96122054908375,True
9,22,182,7,474.39,22.478244101084083,98.12854227144064,572.5185422714407,True
9,23,61,7,173.76,9.312552017984455,40.653849573050294,214.4138495730503,True
9,24,113,7,400.5,18.432026693649103,80.46482200399441,480.9648220039944,True
9,25,96,7,489.9,22.794717981920005,99.51010572692054,589.4101057269205,True
9,26,112,7,287.1,13.826998984730452,60.361621141699935,347.46162114169994,True
9,27,75,7,136.44,7.440825005191904,32.4828446462663,168.9228446462663,True
9,28,61,7,540.46,24.665295187218685,107.67609118097532,648.1360911809753,True
9,29,102,7,433.77,20.054378657847586,87.54718273386689,521.3171827338668,True
9,30,103,7,235.63,12.252791787869947,53.489435895981295,289.11943589598127,True
9,31,103,7,350.97,16.582836324231398,72.39220056090781,423.3622005609078,True
9,32,147,7,266.58,13.169482702376943,57.4912406076628,324.0712406076628,True
9,33,127,7,391.15,19.654013605239875,85.79939323517875,476.9493932351787,True
9,34,124,7,135.89000000000001,8.377238600213973,36.570748515868075,172.4607485158681,True
9,7,116,7,372.31,16.802319905962587,73.35035386820985,445.6603538682099,True
9,35,176,7,412.55,18.510182599576115,80.80601080344124,493.3560108034412,True
9,6,55,7,351.89,16.976091648955776,74.1089526160127,425.9989526160127,True
9,4,151,7,130.76,7.507887254579392,32.77560420276212,163.5356042027621,True
8,27,56,7,146.59,8.273323414422283,36.11710784643906,182.70710784643907,True
8,28,160,7,589.6,28.021846346887465,122.32908057270123,711.9290805727012,True
8,29,137,7,484.97,23.027542854739007,100.52650030256092,585.4965003025609,True
8,30,56,7,259.26,13.976860789807512,61.01584130268081,320.2758413026808,True
8,31,59,7,424.78999999999996,19.31657329295499,84.32630103993301,509.116301039933,True
8,32,63,7,290.43,15.02684194018091,65.59952316125013,356.02952316125015,True
8,33,170,7,471.11,22.842339252112108,99.71799588969532,570.8279958896953,True
8,34,92,7,194.81,9.449537189256555,41.25185692225807,236.06185692225807,True
8,35,126,7,460.64,21.401700223472698,93.42890110168598,554.0689011016859,True
8,36,173,7,560.01,24.700532176192965,107.8299178921068,667.8399178921068,True
8,37,128,7,208.78,10.817507144150762,47.223715619994294,256.0037156199943,True
8,38,72,7,568.16,25.93402674646085,113.21472568829438,681.3747256882943,True
8,39,167,7,326.45,14.931435448951504,65.18302710998059,391.63302710998056,True
8,40,113,7,193.58999999999997,10.426259801899867,45.51572939162141,239.1057293916214,True
8,41,62,7,158.3,8.360877868339394,36.49932590998629,194.7993259099863,True
8,42,166,7,258.12,12.763488960171804,55.718879122719414,313.8388791227194,True
8,43,101,7,348.04,17.044621694751303,74.40811982255558,422.4481198225556,True
8,44,129,7,204.83,10.367073919258786,45.25735403274105,250.08735403274108,True
8,45,58,7,547.81,25.983627616009592,113.43125777159796,661.2412577715979,True
8,46,132,7,421.01,19.26039852047543,84.08107065133771,505.0910706513377,True
8,47,183,7,150.93,8.271369153008479,36.1085765384378,187.0385765384378,True
8,48,194,7,367.34,17.303427781311928,75.53793511822387,442.87793511822383,True
8,49,128,7,208.76999999999998,10.613231351195356,46.33195175739394,255.10195175739392,True
8,50,106,7,442.07000000000005,21.47041673651792,93.72888232907992,535.79888232908,True
9,1,84,7,128.41,7.623251022276672,33.279223538158924,161.68922353815893,True
9,2,170,7,355.37,16.690945560942886,72.86415031627438,428.2341503162744,True
9,3,165,7,214.41,11.335647764915963,49.48565314405813,263.89565314405814,True
9,5,98,7,115.31,6.4289475144977635,28.06550392015903,143.37550392015902,True
9,36,182,7,454.82,21.57956206452368,94.20535513028183,549.0253551302818,True
9,37,135,7,180.63,9.275392256792172,40.491629019676296,221.12162901967628,True
9,38,153,7,487.98,22.78203682192923,99.4547462540627,587.4347462540627,True
10,21,55,7,260.97,13.040773245115357,56.929360802423986,317.899360802424,True
10,22,93,7,511.78999999999996,23.728374166200364,103.58597214843202,615.375972148432,True
10,23,127,7,200.75,9.863154430665334,43.0574987141728,243.8074987141728,True
10,24,165,7,430.58,19.98728428994687,87.25428296433358,517.8342829643336,True
10,25,177,7,502.17,23.811977809465464,103.95094298891642,606.1209429889165,True
10,26,58,7,297.66,14.75411088339585,64.40891855200591,362.0689185520059,True
10,27,131,7,143.85,7.7238173261180165,33.718244698050235,177.56824469805022,True
10,28,122,7,552.38,25.786573647448925,112.57102070874267,664.9510207087427,True
10,29,129,7,444.71000000000004,20.45361000282438,89.2900230436111,534.0000230436111,True
10,30,152,7,249.89,12.951013789038525,56.53751682474104,306.427516824741,True
10,31,171,7,370.0,17.709567252677793,77.31093278231204,447.310932782312,True
10,32,175,7,269.15,13.886442669135102,60.621121931514324,329.7711219315143,True
10,33,102,7,438.03,21.17132024419949,92.42317968354753,530.4531796835475,True
10,34,134,7,157.91,8.839153637165186,38.587233834981376,196.4972338349814,True
10,35,130,7,393.71000000000004,19.96741601213662,87.16754820292623,480.8775482029263,True
10,36,149,7,489.31,22.892341259589166,99.93627913647849,589.2462791364785,True
10,37,163,7,190.39,9.75398475277238,42.58091961379006,232.97091961379004,True
10,38,93,7,526.8299999999999,23.559953705879376,102.85073436981985,629.6807343698198,True
10,39,161,7,281.54,13.834306749116184,60.39352311158737,341.9335231115874,True
10,40,98,7,188.92,9.77509348822738,42.67306958022328,231.59306958022327,True
10,41,184,7,132.6,7.746249338999615,33.81617141841089,166.4161714184109,False
10,42,122,7,227.61,12.083760545662537,52.751531755357426,280.3615317553574,True
10,43,60,7,333.18,15.8045758224433,68.99471238503101,402.174712385031,True
10,44,64,7,176.21,9.665754118217686,42.19574969065897,218.40574969065898,True
10,45,99,7,501.55,23.950820434571273,104.55705903363523,606.1070590336352,True
10,46,132,7,379.68,17.890705710823365,78.10169084896476,457.7816908489648,True
10,47,178,7,130.76,7.8614568380498415,34.319108564644296,165.0791085646443,False
10,20,60,7,296.03,14.743344676738436,64.3619187881305,360.39191878813045,True
10,19,191,7,243.44,12.76378135058801,55.720155550059,299.160155550059,True
10,18,89,7,529.76,24.497094922821034,106.94181466539034,636.7018146653903,True
10,17,101,7,222.6,10.904879501234028,47.605138741695654,270.20513874169563,True
9,39,110,7,262.35,13.270027621169639,57.93016841134529,320.2801684113453,True
9,40,143,7,177.7,9.236452485224751,40.32163784940915,218.02163784940913,True
9,41,73,7,116.05000000000001,7.466195736730917,32.59360031254912,148.64360031254913,True
9,42,164,7,205.66,11.300262126063783,49.33117750342121,254.9911775034212,True
9,43,108,7,334.5,15.157686562307202,66.17072400663517,400.67072400663517,True
9,44,164,7,164.45,9.267902525350854,40.45893267448865,204.90893267448865,True
9,45,164,7,488.31,22.905858637666586,99.99528911074981,588.3052891107498,True
9,46,163,7,347.44,16.9377523192717,73.94158266858066,421.3815826685807,True
9,47,103,7,139.92,7.3901416870726795,32.261587144917286,172.18158714491727,True
9,48,51,7,299.37,14.973550928501538,65.36688180061934,364.73688180061936,True
9,49,199,7,167.17,9.51182961125618,41.523793846596654,208.69379384659663,True
9,50,131,7,387.31,18.665823983848256,81.48546165765622,468.79546165765623,True
10,1,168,7,128.39,7.88821042525081,34.43590107302516,162.82590107302514,False
8,26,193,7,327.95,16.28435540213616,71.08918518082176,399.03918518082173,True
10,2,56,7,342.55,17.460828545440897,76.22506652701757,418.7750665270176,True
10,4,102,7,139.23000000000002,7.654692223765916,33.41647977826059,172.6464797782606,True
10,5,85,7,110.75999999999999,6.662510535173434,29.085120872637653,139.84512087263764,True
10,6,110,7,367.29,17.701436719889703,77.27543902546886,444.5654390254689,True
10,7,67,7,359.48,17.77318844173797,77.58867042551834,437.06867042551835,True
10,8,103,7,492.35,23.028735585415014,100.53170715599808,592.8817071559981,True
10,9,82,7,310.99,15.905397612138959,69.43484886577843,380.4248488657785,True
10,10,74,7,452.94,21.781321793944066,95.08613514352795,548.026135143528,True
10,11,156,7,486.66,21.155613909517708,92.35461384184657,579.0146138418465,True
10,12,64,7,447.72,21.2369233926125,92.70956954982162,540.4295695498216,True
10,13,185,7,535.64,24.630950552725565,107.52616003410726,643.1661600341073,True
10,14,85,7,369.7,17.99182092421646,78.54310826783029,448.2431082678303,True
10,15,81,7,548.88,25.5842588466975,111.6878175373385,660.5678175373384,True
10,16,53,7,154.83,8.730834705953967,38.1143686604438,192.9443686604438,True
10,3,150,7,224.99,12.098546185098797,52.816078311481064,277.8060783114811,True
5,49,136,7,111.06,7.282704308197601,31.792570377990746,142.85257037799076,True
8,25,62,7,564.15,25.875615900100478,112.9597337422861,677.109733742286,True
8,23,135,7,205.99,10.530848754480287,45.972311383002065,251.9623113830021,True
6,33,95,7,301.75,14.640485896259143,63.912889845172955,365.66288984517297,True
6,34,189,7,108.85,6.524102056974248,28.480900091752034,137.33090009175203,False
6,35,128,7,289.47,13.953699499862877,60.914730930839816,350.38473093083985,True
6,36,62,7,323.35,16.304134029739135,71.17552857517596,394.525528575176,True
6,37,74,7,123.64,7.156116951501404,31.239954580834528,154.87995458083452,True
6,38,97,7,350.83,16.644033721229256,72.65935716492017,423.48935716492014,True
6,39,156,7,191.98,9.917501573882348,43.2947506061142,235.2747506061142,True
6,40,176,7,139.49,7.36850135400686,32.16711649460902,171.65711649460903,False
6,41,156,7,94.09,5.867202074613697,25.613210008963627,119.70321000896362,False
6,42,99,7,145.96,8.61570660926013,37.61177814437645,183.57177814437645,True
6,43,116,7,217.64,11.239573042443043,49.06623993620235,266.70623993620234,True
6,44,65,7,127.91,7.128218802078575,31.11816549790518,159.02816549790518,True
6,45,186,7,336.5,16.966172635416164,74.06565126493582,410.5656512649358,True
6,46,104,7,265.48,12.796727162811255,55.86398015276717,321.3439801527672,True
6,47,177,7,98.85,5.729114102090513,25.010388392293606,123.8603883922936,False
6,48,153,7,213.88,11.29193683550578,49.29483353354664,263.17483353354663,True
6,49,69,7,112.16,7.012423448650477,30.61266207946168,142.77266207946167,True
6,50,156,7,290.98,13.969376875642476,60.98317035275265,351.9631703527527,True
7,1,80,7,85.85,5.332504850529424,23.278994804251745,109.12899480425173,True
7,2,164,7,223.54,11.531500639954539,50.34064684555811,273.8806468455581,True
7,3,172,7,139.36,8.140829353137967,35.5387063914595,174.8987063914595,True
7,4,140,7,73.99,5.279470138245731,23.047472315983498,97.03747231598349,False
7,5,81,7,62.870000000000005,4.704895255326246,20.53917160383163,83.40917160383164,True
7,6,137,7,222.45000000000002,11.81321267536537,51.57045782415907,274.0204578241591,True
7,7,121,7,260.63,11.630125403946124,50.7711922333045,311.40119223330447,True
7,8,199,7,308.32,14.576181259445628,63.63216861786408,371.95216861786406,True
7,9,182,7,190.84,10.422747071401586,45.500394602941356,236.34039460294136,True
6,32,63,7,187.2,9.852212831632999,43.00973327669764,230.20973327669762,True
7,10,176,7,290.7,14.197920590403271,61.98087557714316,352.6808755771431,True
6,31,118,7,238.15,12.641393312249127,55.185871833784354,293.3358718337844,True
6,29,191,7,289.51,14.534971460578614,63.45226766688525,352.9622676668852,True
6,2,142,7,264.14,12.368014016772799,53.99243734523408,318.13243734523405,True
6,3,74,7,172.92000000000002,8.384140867517633,36.600880292435235,209.52088029243527,True
6,4,83,7,77.34,5.837411959130811,25.483161567755864,102.82316156775588,True
6,5,138,7,63.56,5.155718700401413,22.50723669326099,86.067236693261,False
6,6,144,7,242.86,12.628950985297156,55.13155498408866,297.9915549840887,True
6,7,141,7,257.6,12.591429694207203,54.967756175683434,312.5677561756835,True
6,8,156,7,336.45,16.14202235388674,70.46783172994913,406.9178317299491,True
6,9,134,7,242.23,11.364476859508784,49.61150625850413,291.8415062585041,True
6,10,185,7,319.52,15.413932352707999,67.28936235588286,386.80936235588285,True
6,11,143,7,296.38,14.796714393336241,64.59490373426914,360.9749037342691,True
6,12,123,7,317.44,14.674817783282986,64.06276534309563,381.50276534309563,True
6,13,101,7,366.4,17.74110280472531,77.44860090880056,443.84860090880056,True
6,14,60,7,243.07,12.647340779978173,55.21183544267806,298.2818354426781,True
6,15,103,7,366.05,17.99840840605843,78.57186585171831,444.6218658517183,True
6,16,87,7,110.83,6.391506737029894,27.90205659313876,138.73205659313876,True
6,17,96,7,150.03,7.640396207527996,33.3540706671482,183.3840706671482,True
6,18,147,7,372.11,17.4599648247041,76.22129596306915,448.3312959630692,True
6,19,116,7,175.59,9.232729392076479,40.30538472475502,215.89538472475502,True
6,20,114,7,219.04999999999998,10.449453668618833,45.61698197703401,264.66698197703397,True
6,21,90,7,164.41,9.252362967234976,40.391094894162215,204.80109489416222,True
6,22,183,7,334.96999999999997,16.643871308914918,72.65864815564075,407.6286481556407,True
6,23,66,7,123.63,7.267688378170158,31.72701849067176,155.35701849067175,True
6,24,52,7,281.57,14.196150484701793,61.973148199000484,343.5431481990005,True
6,25,133,7,367.3,16.810865903703135,73.38766133300842,440.68766133300846,True
6,26,85,7,200.14,10.345424543526859,45.16284390676737,245.30284390676735,True
6,27,171,7,101.22,5.8772739199203965,25.65717854553994,126.87717854553993,False
6,28,172,7,371.94,17.875998293170678,78.03748576922877,449.9774857692288,True
6,30,132,7,168.96,9.154818647460829,39.96526617447878,208.9252661744788,True
7,11,155,7,275.79,13.505217656430538,58.9568880791777,334.7468880791777,True
7,12,79,7,286.18,13.820078278095794,60.33140886842391,346.5114088684239,True
7,13,162,7,333.89,15.957141843151577,69.66073777139717,403.55073777139717,True
7,46,163,7,231.39,11.963567699519517,52.22683112792269,283.6168311279227,True
7,47,171,7,80.52,5.376706628680137,23.471957209866243,103.99195720986624,False
7,48,113,7,209.85,10.51811766429725,45.91673394040603,255.76673394040603,True
7,49,185,7,109.62,6.780142875481249,29.598643638316098,139.2186436383161,False
7,50,191,7,252.78,13.149405426242728,57.40359346623254,310.18359346623254,True
8,1,94,7,151.32,8.576651429972761,37.44128316290081,188.7612831629008,True
8,2,195,7,440.70000000000005,19.239596368126215,83.99025907028373,524.6902590702838,True
8,3,82,7,263.31,12.635828597684101,55.16157912987176,318.47157912987177,True
8,4,180,7,130.36,8.252495798316488,36.02618510361894,166.38618510361897,False
8,5,58,7,138.11,7.116673073083444,31.067762737322173,169.17776273732218,True
8,6,138,7,417.73,19.464186945958225,84.9707069162742,502.7007069162742,True
8,7,196,7,412.45,19.092011629707354,83.34597942026177,495.79597942026174,True
8,8,99,7,515.26,25.058493386824658,109.39259385696627,624.6525938569663,True
8,9,51,7,370.81,17.29529038212176,75.50241138617339,446.3124113861734,True
8,10,65,7,496.52,23.48770812536154,102.53534703485325,599.0553470348532,True
8,11,100,7,488.25,22.579422669266496,98.57023626498406,586.820236264984,True
8,12,101,7,484.15,22.525801324845588,98.33615284018467,582.4861528401847,True
8,13,82,7,576.28,26.79503494890254,116.97344809603268,693.2534480960327,True
8,14,127,7,403.11,19.198520150053497,83.8109412648816,486.9209412648816,True
8,15,74,7,595.32,27.84774318839579,121.5690350339655,716.8890350339656,True
8,16,114,7,163.41,9.575472426725252,41.801625899667435,205.21162589966744,True
8,17,190,7,241.73000000000002,11.287144389740316,49.27391216109579,291.0039121610958,True
8,18,105,7,563.81,27.070415899038593,118.1756207873094,681.9856207873094,True
8,19,90,7,291.51,13.867513345433483,60.538486164562464,352.04848616456246,True
8,20,66,7,351.72,15.710568834209923,68.5843258496243,420.3043258496243,True
8,21,127,7,305.11,13.799985717636952,60.24369500343247,365.3536950034325,True
8,22,105,7,538.12,25.978303965649957,113.40801743098216,651.5280174309821,True
7,45,90,7,323.91,15.64914102640219,68.31616338960315,392.2261633896032,True
7,44,74,7,117.38,6.825668878320997,29.797386933122407,147.1773869331224,True
7,43,123,7,226.82,10.45436249679681,45.63841141570367,272.45841141570367,True
7,42,70,7,139.11,7.920524537052125,34.57696799407111,173.68696799407113,True
7,14,119,7,245.39,11.589808475319808,50.59518909813206,295.985189098132,True
7,15,186,7,336.63,16.631134011792312,72.60304361671419,409.2330436167142,True
7,16,79,7,100.93,6.076516804085851,26.526971296841655,127.45697129684166,True
7,17,87,7,132.84,7.200328707626067,31.432960545191165,164.27296054519115,True
7,18,161,7,344.0,16.00378351344204,69.86435150092721,413.8643515009272,True
7,19,121,7,158.74,8.757595983582522,38.231194741306794,196.97119474130682,True
7,20,91,7,183.83,9.900638723133154,43.22113600547556,227.05113600547557,True
7,21,186,7,158.68,8.522555435987742,37.20512766033561,195.88512766033563,True
7,22,117,7,340.24,15.647764243103593,68.31015305634457,408.5501530563446,True
7,23,127,7,98.68,6.753960295042749,29.484343854054444,128.16434385405444,True
7,24,57,7,282.0,12.666529850139884,55.29560513011651,337.29560513011654,True
7,25,106,7,325.46,15.517178062128291,67.74008043313275,393.2000804331327,True
7,26,181,7,190.01,9.867857712377381,43.078030841870124,233.0880308418701,True
8,24,181,7,461.95000000000005,21.771473624052234,95.04314305966318,556.9931430596632,True
7,27,69,7,76.44,5.451643239745997,23.799092210873734,100.23909221087374,True
7,29,140,7,297.92,13.373114285322481,58.38019217812412,356.3001921781241,True
7,30,178,7,152.06,8.644974917821278,37.739548642861145,189.79954864286114,True
7,31,148,7,248.18,11.9648203775144,52.23229968076074,300.4122996807607,True
7,32,135,7,183.75,9.260805050875696,40.427948723032124,224.17794872303213,True
7,33,198,7,288.18,13.642938663289218,59.55810771103255,347.73810771103257,True
7,34,130,7,99.63,6.112962512134014,26.686074658595977,126.31607465859597,False
7,35,156,7,260.13,13.049010752848313,56.9653215572832,317.09532155728317,True
7,36,73,7,304.02,14.987264802133225,65.42674957420168,369.44674957420165,True
7,37,156,7,110.58,6.647948369736143,29.021549889946527,139.6015498899465,False
7,38,89,7,305.5,14.975645217115915,65.37602439591728,370.8760243959173,True
7,39,111,7,156.69,9.170277645083244,40.03275226880375,196.72275226880373,True
7,40,58,7,115.49,6.752289418582509,29.47704966013869,144.96704966013868,True
7,41,149,7,76.32,5.330292585120009,23.269337182474565,99.58933718247457,False
7,28,55,7,336.65,16.875159142723312,73.66833280336829,410.31833280336826,True
10,50,97,7,414.98,19.6182032805152,85.64306363275533,500.62306363275536,True
